Index	Label
0	American_Beauty_1999
1	Star_Wars_Episode_IV_-_A_New_Hope_1977
2	Star_Wars_Episode_V_-_The_Empire_Strikes_Back_1980
3	Saving_Private_Ryan_1998
4	Raiders_of_the_Lost_Ark_1981
5	Silence_of_the_Lambs
6	Matrix
7	Sixth_Sense
8	Star_Wars_Episode_VI_-_Return_of_the_Jedi_1983
9	Fargo_1996
10	Schindlers_List_1993
11	Shawshank_Redemption
12	Terminator_2_Judgment_Day_1991
13	Godfather
14	Braveheart_1995
15	Princess_Bride
16	Back_to_the_Future_1985
17	Shakespeare_in_Love_1998
18	L.A._Confidential_1997
19	Pulp_Fiction_1994
20	Being_John_Malkovich_1999
21	Jurassic_Park_1993
22	Terminator
23	Forrest_Gump_1994
24	Groundhog_Day_1993
25	Toy_Story_1995
26	Men_in_Black_1997
27	E.T._the_Extra-Terrestrial_1982
28	Alien_1979
29	Fugitive
30	Usual_Suspects
31	Ghostbusters_1984
32	One_Flew_Over_the_Cuckoos_Nest_1975
33	Gladiator_2000
34	Blade_Runner_1982
35	Godfather_Part_II
36	Casablanca_1942
37	Aliens_1986
38	Stand_by_Me_1986
39	Wizard_of_Oz
40	GoodFellas_1990
41	Monty_Python_and_the_Holy_Grail_1974
42	Die_Hard_1988
43	Toy_Story_2_1999
44	Hunt_for_Red_October
45	Indiana_Jones_and_the_Last_Crusade_1989
46	Airplane!_1980
47	2001_A_Space_Odyssey_1968
48	Jaws_1975
49	Good_Will_Hunting_1997
50	Total_Recall_1990
51	Babe_1995
52	When_Harry_Met_Sally..._1989
53	Dr._Strangelove_or_How_I_Learned_to_Stop_Worrying_and_Love_the_Bomb_1963
54	Bugs_Life
55	North_by_Northwest_1959
56	Butch_Cassidy_and_the_Sundance_Kid_1969
57	Lethal_Weapon_1987
58	Ferris_Buellers_Day_Off_1986
59	Amadeus_1984
60	Galaxy_Quest_1999
61	Star_Wars_Episode_I_-_The_Phantom_Menace_1999
62	Election_1999
63	Who_Framed_Roger_Rabbit?_1988
64	Christmas_Story
65	Fight_Club_1999
66	Twelve_Monkeys_1995
67	Breakfast_Club
68	Raising_Arizona_1987
69	Close_Encounters_of_the_Third_Kind_1977
70	Annie_Hall_1977
71	Big_1988
72	As_Good_As_It_Gets_1997
73	Graduate
74	X-Men_2000
75	Psycho_1960
76	Rain_Man_1988
77	Abyss
78	Clerks_1994
79	Chinatown_1974
80	Dances_with_Wolves_1990
81	Star_Trek_The_Wrath_of_Khan_1982
82	High_Fidelity_2000
83	Taxi_Driver_1976
84	Reservoir_Dogs_1992
85	Apollo_13_1995
86	Young_Frankenstein_1974
87	Fish_Called_Wanda
88	Full_Metal_Jacket_1987
89	Life_Is_Beautiful_La_Vita__bella_1997
90	Sling_Blade_1996
91	Green_Mile
92	Theres_Something_About_Mary_1998
93	Independence_Day_ID4_1996
94	Rear_Window_1954
95	Apocalypse_Now_1979
96	Chicken_Run_2000
97	Citizen_Kane_1941
98	Speed_1994
99	Blues_Brothers
100	Erin_Brockovich_2000
101	Clockwork_Orange
102	Maltese_Falcon
103	Animal_House_1978
104	Sting
105	Glory_1989
106	Platoon_1986
107	This_Is_Spinal_Tap_1984
108	Aladdin_1992
109	American_Pie_1999
110	Run_Lola_Run_Lola_rennt_1998
111	Seven_Se7en_1995
112	African_Queen
113	Jerry_Maguire_1996
114	Willy_Wonka_and_the_Chocolate_Factory_1971
115	Titanic_1997
116	Contact_1997
117	M*A*S*H_1970
118	Thelma_&_Louise_1991
119	Untouchables
120	South_Park_Bigger
121	Boat
122	Beetlejuice_1988
123	Edward_Scissorhands_1990
124	Blazing_Saddles_1974
125	Fifth_Element
126	Full_Monty
127	Shining
128	Almost_Famous_2000
129	Bridge_on_the_River_Kwai
130	Thomas_Crown_Affair
131	Star_Trek_First_Contact_1996
132	Rock
133	Batman_1989
134	Clueless_1995
135	To_Kill_a_Mockingbird_1962
136	Rushmore_1998
137	Romancing_the_Stone_1984
138	Wrong_Trousers
139	True_Lies_1994
140	Gone_with_the_Wind_1939
141	Patriot
142	Rocky_1976
143	Witness_1985
144	Four_Weddings_and_a_Funeral_1994
145	Get_Shorty_1995
146	Crying_Game
147	Magnolia_1999
148	Cool_Hand_Luke_1967
149	Unforgiven_1992
150	Fly
151	Mission_Impossible_1996
152	Lion_King
153	Austin_Powers_International_Man_of_Mystery_1997
154	Grosse_Pointe_Blank_1997
155	Predator_1987
156	Vertigo_1958
157	Few_Good_Men
158	Talented_Mr._Ripley
159	American_Graffiti_1973
160	Face/Off_1997
161	Bull_Durham_1988
162	Professional
163	Boogie_Nights_1997
164	My_Cousin_Vinny_1992
165	Beauty_and_the_Beast_1991
166	Pleasantville_1998
167	Lawrence_of_Arabia_1962
168	Elizabeth_1998
169	Player
170	Austin_Powers_The_Spy_Who_Shagged_Me_1999
171	Planet_of_the_Apes_1968
172	Some_Like_It_Hot_1959
173	Patriot_Games_1992
174	Three_Kings_1999
175	American_President
176	Brazil_1985
177	Big_Lebowski
178	Good_Morning
179	Monty_Pythons_Life_of_Brian_1979
180	Clear_and_Present_Danger_1994
181	Mary_Poppins_1964
182	Sneakers_1992
183	Star_Trek_IV_The_Voyage_Home_1986
184	Insider
185	Truman_Show
186	Say_Anything..._1989
187	French_Connection
188	In_the_Line_of_Fire_1993
189	Goldfinger_1964
190	League_of_Their_Own
191	Indiana_Jones_and_the_Temple_of_Doom_1984
192	Dead_Man_Walking_1995
193	Little_Mermaid
194	Caddyshack_1980
195	Gattaca_1997
196	Superman_1978
197	Manchurian_Candidate
198	Good
199	Waynes_World_1992
200	Chasing_Amy_1997
201	Heat_1995
202	Mad_Max_1979
203	Fantasia_1940
204	Last_of_the_Mohicans
205	Moonstruck_1987
206	Dave_1993
207	Exorcist
208	Robocop_1987
209	Dead_Poets_Society_1989
210	Game
211	Mad_Max_2_a.k.a._The_Road_Warrior_1981
212	Sleepless_in_Seattle_1993
213	Sense_and_Sensibility_1995
214	Pretty_Woman_1990
215	Nightmare_Before_Christmas
216	Air_Force_One_1997
217	Boys_Dont_Cry_1999
218	Dogma_1999
219	Roger_&_Me_1989
220	Army_of_Darkness_1993
221	Top_Gun_1986
222	Enemy_of_the_State_1998
223	Die_Hard_2_1990
224	Time_Bandits_1981
225	Mummy
226	Great_Escape
227	Killing_Fields
228	Singin_in_the_Rain_1952
229	Close_Shave
230	Sound_of_Music
231	Ghost_1990
232	Misery_1990
233	Leaving_Las_Vegas_1995
234	Diner_1982
235	Its_a_Wonderful_Life_1946
236	Sleepy_Hollow_1999
237	Grifters
238	Office_Space_1999
239	Stargate_1994
240	Right_Stuff
241	Fast_Times_at_Ridgemont_High_1982
242	Out_of_Sight_1998
243	Rocky_Horror_Picture_Show
244	Ed_Wood_1994
245	Lady_and_the_Tramp_1955
246	Hoop_Dreams_1994
247	English_Patient
248	Seven_Samurai_The_Magnificent_Seven_Shichinin_no_samurai_1954
249	Trading_Places_1983
250	Dangerous_Liaisons_1988
251	West_Side_Story_1961
252	Dog_Day_Afternoon_1975
253	Dark_City_1998
254	Lethal_Weapon_2_1989
255	Big_Chill
256	Mission_Impossible_2_2000
257	Sleeper_1973
258	Swingers_1996
259	Trainspotting_1996
260	Nikita_La_Femme_Nikita_1990
261	Harold_and_Maude_1971
262	Mask_of_Zorro
263	Like_Water_for_Chocolate_Como_agua_para_chocolate_1992
264	Fisher_King
265	Field_of_Dreams_1989
266	Manhattan_1979
267	Jungle_Book
268	Ben-Hur_1959
269	Frequency_2000
270	Deer_Hunter
271	From_Russia_with_Love_1963
272	Splash_1984
273	Cocoon_1985
274	Arsenic_and_Old_Lace_1944
275	Patton_1970
276	Raging_Bull_1980
277	Dirty_Dozen
278	Parenthood_1989
279	Cider_House_Rules
280	Bonnie_and_Clyde_1967
281	Do_the_Right_Thing_1989
282	Back_to_the_Future_Part_II_1989
283	Gandhi_1982
284	Deliverance_1972
285	Blood_Simple_1984
286	Meet_the_Parents_2000
287	Searching_for_Bobby_Fischer_1993
288	Midnight_Run_1988
289	Heathers_1989
290	American_History_X_1998
291	12_Angry_Men_1957
292	Producers
293	Cinema_Paradiso_1988
294	Scream_1996
295	Iron_Giant
296	Best_in_Show_2000
297	Mask
298	Snow_White_and_the_Seven_Dwarfs_1937
299	Blair_Witch_Project
300	X-Files_Fight_the_Future
301	L.A._Story_1991
302	Highlander_1986
303	Midnight_Cowboy_1969
304	My_Fair_Lady_1964
305	U-571_2000
306	Go_1999
307	Stripes_1981
308	Birds
309	Shanghai_Noon_2000
310	Philadelphia_Story
311	Network_1976
312	Star_Trek_VI_The_Undiscovered_Country_1991
313	Muppet_Movie
314	Much_Ado_About_Nothing_1993
315	Simple_Plan
316	Fatal_Attraction_1987
317	Broadcast_News_1987
318	Armageddon_1998
319	Waking_Ned_Devine_1998
320	Double_Indemnity_1944
321	Strictly_Ballroom_1992
322	Wedding_Singer
323	Crimson_Tide_1995
324	Risky_Business_1983
325	Lone_Star_1996
326	Excalibur_1981
327	Rosemarys_Baby_1968
328	GoldenEye_1995
329	Donnie_Brasco_1997
330	Duck_Soup_1933
331	Starship_Troopers_1997
332	Poltergeist_1982
333	Man_on_the_Moon_1999
334	JFK_1991
335	Thing
336	Notting_Hill_1999
337	Whats_Eating_Gilbert_Grape_1993
338	Breakfast_at_Tiffanys_1961
339	October_Sky_1999
340	Wag_the_Dog_1997
341	Last_Emperor
342	Perfect_Storm
343	Big_Sleep
344	Quiz_Show_1994
345	Grease_1978
346	Dr._No_1962
347	Firm
348	Die_Hard_With_a_Vengeance_1995
349	True_Romance_1993
350	Negotiator
351	Twister_1996
352	Star_Trek_Generations_1994
353	Repo_Man_1984
354	Back_to_the_Future_Part_III_1990
355	Jackie_Brown_1997
356	Pee-wees_Big_Adventure_1985
357	Little_Big_Man_1970
358	Escape_from_New_York_1981
359	Driving_Miss_Daisy_1989
360	Crocodile_Dundee_1986
361	Starman_1984
362	Being_There_1979
363	Awakenings_1990
364	Gods_Must_Be_Crazy
365	Invasion_of_the_Body_Snatchers_1956
366	Naked_Gun_From_the_Files_of_Police_Squad!
367	Lock
368	Little_Shop_of_Horrors_1986
369	Arachnophobia_1990
370	Casino_1995
371	Sixteen_Candles_1984
372	Tron_1982
373	King_Kong_1933
374	Day_the_Earth_Stood_Still
375	Tomorrow_Never_Dies_1997
376	Eyes_Wide_Shut_1999
377	Blade_1998
378	Lost_World_Jurassic_Park
379	Ronin_1998
380	Night_of_the_Living_Dead_1968
381	Spaceballs_1987
382	Cape_Fear_1991
383	Blue_Velvet_1986
384	On_the_Waterfront_1954
385	Kingpin_1996
386	Third_Man
387	Red_Violin
388	Maverick_1994
389	Basic_Instinct_1992
390	Hoosiers_1986
391	Sunset_Blvd._a.k.a._Sunset_Boulevard_1950
392	Devils_Advocate
393	Con_Air_1997
394	Payback_1999
395	Strangers_on_a_Train_1951
396	Doctor_Zhivago_1965
397	Willow_1988
398	Touch_of_Evil_1958
399	Backdraft_1991
400	Breaking_Away_1979
401	Chariots_of_Fire_1981
402	World_Is_Not_Enough
403	Dark_Crystal
404	Grand_Day_Out
405	Room_with_a_View
406	My_Best_Friends_Wedding_1997
407	Mrs._Doubtfire_1993
408	Grapes_of_Wrath
409	Pi_1998
410	Dead_Again_1991
411	Fistful_of_Dollars
412	Star_Trek_III_The_Search_for_Spock_1984
413	NeverEnding_Story
414	Thin_Red_Line
415	What_About_Bob?_1991
416	Conspiracy_Theory_1997
417	Nutty_Professor
418	Fried_Green_Tomatoes_1991
419	Philadelphia_1993
420	Bowfinger_1999
421	River_Runs_Through_It
422	Interview_with_the_Vampire_1994
423	Glengarry_Glen_Ross_1992
424	Grumpy_Old_Men_1993
425	Happy_Gilmore_1996
426	Gods_and_Monsters_1998
427	Bound_1996
428	Wallace_&_Gromit_The_Best_of_Aardman_Animation_1996
429	F/X_1986
430	Youve_Got_Mail_1998
431	Opposite_of_Sex
432	Notorious_1946
433	Goonies
434	Dune_1984
435	Body_Heat_1981
436	Streetcar_Named_Desire
437	Piano
438	From_Dusk_Till_Dawn_1996
439	Treasure_of_the_Sierra_Madre
440	Guns_of_Navarone
441	Dazed_and_Confused_1993
442	Jacobs_Ladder_1990
443	Postino
444	Commitments
445	War_of_the_Worlds
446	Hustler
447	Tombstone_1993
448	Star_Trek_Insurrection_1998
449	Out_of_Africa_1985
450	Birdcage
451	Vacation_1983
452	Crow
453	Serpico_1973
454	Mars_Attacks!_1996
455	Evil_Dead_II_Dead_By_Dawn_1987
456	Wonder_Boys_2000
457	Conversation
458	Shine_1996
459	Waiting_for_Guffman_1996
460	Crumb_1994
461	Ordinary_People_1980
462	Peter_Pan_1953
463	American_Werewolf_in_London
464	Cinderella_1950
465	Jerk
466	Emma_1996
467	Key_Largo_1948
468	Henry_V_1989
469	And_Now_for_Something_Completely_Different_1971
470	Spanish_Prisoner
471	Bambi_1942
472	Natural
473	Hurricane
474	Scent_of_a_Woman_1992
475	Godfather_Part_III
476	Legends_of_the_Fall_1994
477	Deep_Impact_1998
478	Hudsucker_Proxy
479	Hard_Days_Night
480	Secrets_&_Lies_1996
481	Big_Night_1996
482	10_Things_I_Hate_About_You_1999
483	Arlington_Road_1999
484	Roman_Holiday_1953
485	Crimes_and_Misdemeanors_1989
486	Bulworth_1998
487	Primal_Fear_1996
488	Rush_Hour_1998
489	Liar_Liar_1997
490	While_You_Were_Sleeping_1995
491	Mr._Hollands_Opus_1995
492	To_Catch_a_Thief_1955
493	Mister_Roberts_1955
494	Dumbo_1941
495	Ice_Storm
496	20
497	Elephant_Man
498	All_About_Eve_1950
499	Fletch_1985
500	Malcolm_X_1992
501	Truth_About_Cats_&_Dogs
502	My_Left_Foot_1989
503	Apartment
504	13th_Warrior
505	Double_Jeopardy_1999
506	Better_Off_Dead..._1985
507	Heavenly_Creatures_1994
508	Charlottes_Web_1973
509	So_I_Married_an_Axe_Murderer_1993
510	Carrie_1976
511	Lethal_Weapon_3_1992
512	Stalag_17_1953
513	Karate_Kid
514	Antz_1998
515	101_Dalmatians_1961
516	His_Girl_Friday_1940
517	Straight_Story
518	Bringing_Up_Baby_1938
519	Welcome_to_the_Dollhouse_1995
520	High_Noon_1952
521	Ladyhawke_1985
522	Doors
523	Rob_Roy_1995
524	Remains_of_the_Day
525	Heavy_Metal_1981
526	Mr._Smith_Goes_to_Washington_1939
527	Remember_the_Titans_2000
528	Wild_Things_1998
529	Bram_Stokers_Dracula_1992
530	Muriels_Wedding_1994
531	Mulan_1998
532	Sex
533	Alice_in_Wonderland_1951
534	Logans_Run_1976
535	Keeping_the_Faith_2000
536	Ace_Ventura_Pet_Detective_1994
537	Westworld_1973
538	Halloween_1978
539	Prince_of_Egypt
540	Easy_Rider_1969
541	Labyrinth_1986
542	Adventures_of_Priscilla
543	Sliding_Doors_1998
544	Akira_1988
545	Gremlins_1984
546	Pinocchio_1940
547	Poseidon_Adventure
548	Spartacus_1960
549	Rebecca_1940
550	Superman_II_1980
551	It_Happened_One_Night_1934
552	Honey
553	Nurse_Betty_2000
554	Misrables
555	Pretty_in_Pink_1986
556	Joy_Luck_Club
557	Color_Purple
558	Dead_Calm_1989
559	Sleeping_Beauty_1959
560	Alien_1992
561	Dirty_Dancing_1987
562	Cabaret_1972
563	Drugstore_Cowboy_1989
564	All_About_My_Mother_Todo_Sobre_Mi_Madre_1999
565	Prizzis_Honor_1985
566	Natural_Born_Killers_1994
567	Boiler_Room_2000
568	Bone_Collector
569	Entrapment_1999
570	City_of_Lost_Children
571	Big_Daddy_1999
572	Star_Trek_The_Motion_Picture_1979
573	Marathon_Man_1976
574	Outbreak_1995
575	Mystery_Men_1999
576	Ransom_1996
577	Dial_M_for_Murder_1954
578	Howards_End_1992
579	Batman_Returns_1992
580	Fantasia_2000_1999
581	Ran_1985
582	Terms_of_Endearment_1983
583	Adventures_of_Buckaroo_Bonzai_Across_the_8th_Dimension
584	Big_Trouble_in_Little_China_1986
585	Apostle
586	Stir_of_Echoes_1999
587	Whole_Nine_Yards
588	Dumb_&_Dumber_1994
589	Analyze_This_1999
590	Mariachi
591	Kramer_Vs._Kramer_1979
592	Mr._Mom_1983
593	Odd_Couple
594	Mystery_Science_Theater_3000_The_Movie_1996
595	Rumble_in_the_Bronx_1995
596	Cell
597	American_Psycho_2000
598	Metropolis_1926
599	Limey
600	Frankenstein_1931
601	Christmas_Vacation_1989
602	Bullets_Over_Broadway_1994
603	Shall_We_Dance?_Shall_We_Dansu?_1996
604	Young_Guns_1988
605	Return_to_Me_2000
606	From_Here_to_Eternity_1953
607	Jumanji_1995
608	In_the_Heat_of_the_Night_1967
609	Adventures_of_Robin_Hood
610	King_and_I
611	Rebel_Without_a_Cause_1955
612	Year_of_Living_Dangerously_1982
613	Breaker_Morant_1980
614	Sweet_Hereafter
615	Conan_the_Barbarian_1982
616	Hamlet_1996
617	Civil_Action
618	Rudy_1993
619	Harvey_1950
620	Outlaw_Josey_Wales
621	Kellys_Heroes_1970
622	Eat_Drink_Man_Woman_1994
623	Midnight_in_the_Garden_of_Good_and_Evil_1997
624	James_and_the_Giant_Peach_1996
625	Forbidden_Planet_1956
626	Running_Man
627	Real_Genius_1985
628	To_Die_For_1995
629	Desperado_1995
630	Lethal_Weapon_4_1998
631	Princess_Mononoke
632	Three_Colors_Red_1994
633	Spy_Who_Loved_Me
634	Cape_Fear_1962
635	That_Thing_You_Do!_1996
636	Defending_Your_Life_1991
637	Titan_A.E._2000
638	Tarzan_1999
639	Sabrina_1954
640	Delicatessen_1991
641	Santa_Clause
642	Miracle_on_34th_Street_1947
643	Flight_of_the_Navigator_1986
644	Purple_Rose_of_Cairo
645	Return_of_the_Pink_Panther
646	Strange_Days_1995
647	Parent_Trap
648	Mad_Max_Beyond_Thunderdome_1985
649	Private_Parts_1997
650	Addams_Family
651	Man_with_the_Golden_Gun
652	Bob_Roberts_1992
653	Falling_Down_1993
654	People_vs._Larry_Flynt
655	Contender
656	Home_Alone_1990
657	Ever_After_A_Cinderella_Story_1998
658	Pitch_Black_2000
659	My_Life_as_a_Dog_Mitt_liv_som_hund_1985
660	Longest_Day
661	M_1931
662	Arthur_1981
663	Sister_Act_1992
664	Verdict
665	Millers_Crossing_1990
666	Mighty_Aphrodite_1995
667	Rocketeer
668	Bananas_1971
669	Working_Girl_1988
670	Last_Picture_Show
671	Five_Easy_Pieces_1970
672	Alien_Resurrection_1997
673	Scrooged_1988
674	Moonraker_1979
675	Hard-Boiled_Lashou_shentan_1992
676	Local_Hero_1983
677	Mallrats_1995
678	Papillon_1973
679	Powder_1995
680	White_Men_Cant_Jump_1992
681	Some_Folks_Call_It_a_Sling_Blade_1993
682	Smoke_Signals_1998
683	Charade_1963
684	No_Way_Out_1987
685	Romy_and_Micheles_High_School_Reunion_1997
686	Nightmare_on_Elm_Street
687	Omen
688	Tin_Cup_1996
689	Jewel_of_the_Nile
690	Sophies_Choice_1982
691	Babe_Pig_in_the_City_1998
692	Generals_Daughter
693	Women_on_the_Verge_of_a_Nervous_Breakdown_1988
694	Thin_Man
695	Cliffhanger_1993
696	Dragonheart_1996
697	Ideal_Husband
698	Desperately_Seeking_Susan_1985
699	Madness_of_King_George
700	Guess_Whos_Coming_to_Dinner_1967
701	Yellow_Submarine_1968
702	Secret_of_NIMH
703	Thunderball_1965
704	Three_Days_of_the_Condor_1975
705	Cyrano_de_Bergerac_1990
706	Weird_Science_1985
707	For_a_Few_Dollars_More_1965
708	On_Golden_Pond_1981
709	Victor/Victoria_1982
710	Modern_Times_1936
711	Man_Who_Would_Be_King
712	William_Shakespeares_Romeo_and_Juliet_1996
713	Romeo_and_Juliet_1968
714	Never_Been_Kissed_1999
715	Ghost_in_the_Shell_Kokaku_kidotai_1995
716	Requiem_for_a_Dream_2000
717	Ruthless_People_1986
718	Seventh_Seal
719	Courage_Under_Fire_1996
720	Hook_1991
721	City_Lights_1931
722	When_We_Were_Kings_1996
723	Runaway_Bride_1999
724	Client
725	Benny_&_Joon_1993
726	Live_and_Let_Die_1973
727	Long_Kiss_Goodnight
728	Cruel_Intentions_1999
729	Laura_1944
730	Steel_Magnolias_1989
731	Space_Cowboys_2000
732	What_Lies_Beneath_2000
733	Saint
734	Happiness_1998
735	Rosencrantz_and_Guildenstern_Are_Dead_1990
736	Pink_Floyd_-_The_Wall_1982
737	Cop_Land_1997
738	2010_1984
739	Whos_Afraid_of_Virginia_Woolf?_1966
740	Carlitos_Way_1993
741	Of_Mice_and_Men_1992
742	Creature_Comforts_1990
743	Scary_Movie_2000
744	Phenomenon_1996
745	High_Plains_Drifter_1972
746	Great_Muppet_Caper
747	Inherit_the_Wind_1960
748	American_in_Paris
749	In_the_Name_of_the_Father_1993
750	Tommy_Boy_1995
751	Raise_the_Red_Lantern_1991
752	Girl
753	Name_of_the_Rose
754	Adventures_in_Babysitting_1987
755	Gold_Rush
756	Children_of_a_Lesser_God_1986
757	Midnight_Express_1978
758	American_Movie_1999
759	First_Blood_1982
760	Nashville_1975
761	Dead_Zone
762	Thin_Blue_Line
763	Three_Amigos!_1986
764	Man_Who_Knew_Too_Much
765	All_Quiet_on_the_Western_Front_1930
766	Robin_Hood_1973
767	Amistad_1997
768	Three_Musketeers
769	Singles_1992
770	Bringing_Out_the_Dead_1999
771	Soylent_Green_1973
772	Red_Dawn_1984
773	Ghost_Dog_The_Way_of_the_Samurai_1999
774	Devil_in_a_Blue_Dress_1995
775	Hairspray_1988
776	Sleepers_1996
777	Angel_Heart_1987
778	Secret_Garden
779	Flirting_With_Disaster_1996
780	Bicycle_Thief
781	My_Favorite_Year_1982
782	Manhattan_Murder_Mystery_1993
783	Stand_and_Deliver_1987
784	For_Your_Eyes_Only_1981
785	General
786	Hud_1963
787	Brothers_McMullen
788	Pale_Rider_1985
789	Mosquito_Coast
790	Lord_of_the_Flies_1963
791	Sabrina_1995
792	Peggy_Sue_Got_Married_1986
793	All_That_Jazz_1979
794	Wild_Bunch
795	Under_Siege_1992
796	Klute_1971
797	Top_Hat_1935
798	Demolition_Man_1993
799	Gone_in_60_Seconds_2000
800	Final_Destination_2000
801	History_of_the_World_Part_I_1981
802	Atlantic_City_1980
803	Lord_of_the_Rings
804	Ghost_and_the_Darkness
805	Buffalo_66_1998
806	Paper_Chase
807	Stuart_Little_1999
808	G.I._Jane_1997
809	Paths_of_Glory_1957
810	Hercules_1997
811	Six_Degrees_of_Separation_1993
812	Little_Voice_1998
813	Dick_1999
814	Secret_of_Roan_Inish
815	Me
816	In_the_Company_of_Men_1997
817	Watership_Down_1978
818	Goodbye_Girl
819	Stop_Making_Sense_1984
820	Short_Cuts_1993
821	Time_to_Kill
822	Honeymoon_in_Vegas_1992
823	True_Grit_1969
824	Cat_on_a_Hot_Tin_Roof_1958
825	Snow_Falling_on_Cedars_1999
826	Rounders_1998
827	Holiday_Inn_1942
828	Farewell_My_Concubine_1993
829	Shallow_Grave_1994
830	Shane_1953
831	American_Tail
832	Road_Trip_2000
833	39_Steps
834	Executive_Decision_1996
835	eXistenZ_1999
836	Shadowlands_1993
837	Shadow_of_a_Doubt_1943
838	Killer
839	Bronx_Tale
840	Diva_1981
841	Patch_Adams_1998
842	Alien_Nation_1988
843	Yojimbo_1961
844	Any_Given_Sunday_1999
845	Tampopo_1986
846	Three_Colors_Blue_1993
847	Croupier_1998
848	Primary_Colors_1998
849	Old_Yeller_1957
850	Ref
851	Pacific_Heights_1990
852	Take_the_Money_and_Run_1969
853	Clue_1985
854	Heaven_Can_Wait_1978
855	Friday_1995
856	Topsy-Turvy_1999
857	Fantastic_Voyage_1966
858	Zero_Effect_1998
859	In_&_Out_1997
860	Mrs._Brown_Her_Majesty
861	Central_Station_Central_do_Brasil_1998
862	Muppets_Take_Manhattan
863	Tender_Mercies_1983
864	Midsummer_Nights_Dream
865	Absent_Minded_Professor
866	Taking_of_Pelham_One_Two_Three
867	Richard_III_1995
868	Small_Time_Crooks_2000
869	Rules_of_Engagement_2000
870	Searchers
871	Virgin_Suicides
872	Far_and_Away_1992
873	White_Christmas_1954
874	Grand_Canyon_1991
875	Jean_de_Florette_1986
876	Beavis_and_Butt-head_Do_America_1996
877	Airplane_II_The_Sequel_1982
878	Fallen_1998
879	Badlands_1973
880	Man_for_All_Seasons
881	Forever_Young_1992
882	Circle_of_Friends_1995
883	Broken_Arrow_1996
884	Buffy_the_Vampire_Slayer_1992
885	Manon_of_the_Spring_Manon_des_sources_1986
886	Wings_of_Desire_Der_Himmel_ber_Berlin_1987
887	Dolores_Claiborne_1994
888	Breaking_the_Waves_1996
889	Rainmaker
890	Kiss_the_Girls_1997
891	Where_Eagles_Dare_1969
892	Perfect_Murder
893	Auntie_Mame_1958
894	My_Dog_Skip_1999
895	Mutiny_on_the_Bounty_1935
896	Radio_Days_1987
897	Absolute_Power_1997
898	Sweet_and_Lowdown_1999
899	Red_Rock_West_1992
900	Seven_Years_in_Tibet_1997
901	Menace_II_Society_1993
902	Help!_1965
903	Shaft_2000
904	Best_Years_of_Our_Lives
905	Nineteen_Eighty-Four_1984
906	Dreamscape_1984
907	Hidden
908	Breakdown_1997
909	Haunting
910	Young_Sherlock_Holmes_1985
911	Father_of_the_Bride_1950
912	Deep_Blue_Sea_1999
913	Don_Juan_DeMarco_1995
914	Guys_and_Dolls_1955
915	8_1/2_1963
916	Color_of_Money
917	Copycat_1995
918	Blast_from_the_Past_1999
919	Buena_Vista_Social_Club_1999
920	Nosferatu_Nosferatu
921	Bottle_Rocket_1996
922	Pushing_Tin_1999
923	On_Her_Majestys_Secret_Service_1969
924	Pecker_1998
925	Run_Silent
926	Cat_Ballou_1965
927	Quiet_Man
928	Hamlet_1990
929	Anatomy_of_a_Murder_1959
930	Sid_and_Nancy_1986
931	Alive_1993
932	Eraser_1996
933	Little_Princess
934	Anna_and_the_King_1999
935	City_of_Angels_1998
936	Predator_2_1990
937	Flatliners_1990
938	Immortal_Beloved_1994
939	Little_Women_1994
940	Perfect_World
941	U.S._Marshalls_1998
942	Bodyguard
943	Winnie_the_Pooh_and_the_Blustery_Day_1968
944	Bad_Boys_1995
945	Mission_to_Mars_2000
946	Bedknobs_and_Broomsticks_1971
947	Love_and_Death_1975
948	Sword_in_the_Stone
949	Fabulous_Baker_Boys
950	Battleship_Potemkin
951	Never_Cry_Wolf_1983
952	Dracula_1931
953	28_Days_2000
954	Rocky_II_1979
955	Blowup_1966
956	Once_Upon_a_Time_in_America_1984
957	Kentucky_Fried_Movie
958	Somewhere_in_Time_1980
959	Trekkies_1997
960	Bridges_of_Madison_County
961	Anastasia_1997
962	Batman_Forever_1995
963	Shop_Around_the_Corner
964	Mission
965	Hunchback_of_Notre_Dame
966	Frighteners_The_1996
967	Doctor_Dolittle_1998
968	Hang_em_High_1967
969	Thirteenth_Floor
970	Pump_Up_the_Volume_1990
971	Mumford_1999
972	Ulees_Gold_1997
973	Reality_Bites_1994
974	400_Blows
975	Outsiders
976	Marty_1955
977	Lady_Vanishes
978	Scream_2_1997
979	Fear_and_Loathing_in_Las_Vegas_1998
980	Net
981	Mystery
982	Meet_Joe_Black_1998
983	Jagged_Edge_1985
984	Serial_Mom_1994
985	Great_Dictator
986	Fright_Night_1985
987	Star_Trek_V_The_Final_Frontier_1989
988	For_Love_of_the_Game_1999
989	Age_of_Innocence
990	South_Pacific_1958
991	Naked_Gun_2_1/2_The_Smell_of_Fear
992	Cool_Runnings_1993
993	East_of_Eden_1955
994	Everyone_Says_I_Love_You_1996
995	Swiss_Family_Robinson_1960
996	Legend_1985
997	Citizen_Ruth_1996
998	Around_the_World_in_80_Days_1956
999	Everything_You_Always_Wanted_to_Know_About_Sex_1972
1000	Supercop_1992
1001	Lifeboat_1944
1002	Kolya_1996
1003	My_Man_Godfrey_1936
1004	Hot_Shots!_Part_Deux_1993
1005	Escape_from_the_Planet_of_the_Apes_1971
1006	Drop_Dead_Gorgeous_1999
1007	Matewan_1987
1008	Night_Shift_1982
1009	Scream_3_2000
1010	Licence_to_Kill_1989
1011	Arrival
1012	Little_Shop_of_Horrors
1013	Muppet_Christmas_Carol
1014	Unbearable_Lightness_of_Being
1015	Bell
1016	Bride_of_Frankenstein_1935
1017	Living_in_Oblivion_1995
1018	Waterworld_1995
1019	7th_Voyage_of_Sinbad
1020	Billy_Madison_1995
1021	Birdy_1984
1022	Dead_Men_Dont_Wear_Plaid_1982
1023	Gaslight_1944
1024	Creepshow_1982
1025	Ghostbusters_II_1989
1026	Grumpier_Old_Men_1995
1027	Pelican_Brief
1028	Shall_We_Dance?_1937
1029	Three_Colors_White_1994
1030	I.Q._1994
1031	Christmas_Carol
1032	Private_Benjamin_1980
1033	Invisible_Man
1034	Big_Kahuna
1035	Last_Temptation_of_Christ
1036	Murphys_Romance_1985
1037	Godzilla_Gojira_1954
1038	Kalifornia_1993
1039	Indian_in_the_Cupboard
1040	Lost_in_Space_1998
1041	Wings_of_the_Dove
1042	Waterboy
1043	Soapdish_1991
1044	Englishman_Who_Went_Up_a_Hill
1045	Brother_from_Another_Planet
1046	Single_White_Female_1992
1047	Man_in_the_Iron_Mask
1048	Summer_of_Sam_1999
1049	My_Life_in_Pink_Ma_vie_en_rose_1997
1050	Spellbound_1945
1051	Great_Santini
1052	What_Ever_Happened_to_Baby_Jane?_1962
1053	Footloose_1984
1054	Deconstructing_Harry_1997
1055	Jeremiah_Johnson_1972
1056	Dinosaur_2000
1057	Species_1995
1058	Craft
1059	Rising_Sun_1993
1060	Seven_Days_in_May_1964
1061	Jackie_Chans_First_Strike_1996
1062	Barbarella_1968
1063	Smoke_1995
1064	Grand_Illusion_Grande_illusion
1065	Police_Academy_1984
1066	Fly_Away_Home_1996
1067	Fox_and_the_Hound
1068	Lolita_1962
1069	Evita_1996
1070	What_Dreams_May_Come_1998
1071	Mystery_Train_1989
1072	Song_of_the_South_1946
1073	Cold_Comfort_Farm_1995
1074	Born_Yesterday_1950
1075	Cookies_Fortune_1999
1076	Peacemaker
1077	River_Wild
1078	Siege
1079	Places_in_the_Heart_1984
1080	Exotica_1994
1081	Robin_Hood_Prince_of_Thieves_1991
1082	Phantasm_1979
1083	Persuasion_1995
1084	Re-Animator_1985
1085	Shes_All_That_1999
1086	Batman_Mask_of_the_Phantasm_1993
1087	Brassed_Off_1996
1088	Them!_1954
1089	Aristocats
1090	Addams_Family_Values_1993
1091	Kids_in_the_Hall_Brain_Candy_1996
1092	Lawnmower_Man
1093	French_Kiss_1995
1094	Back_to_School_1986
1095	Magnum_Force_1973
1096	Agnes_of_God_1985
1097	Falcon_and_the_Snowman
1098	Tom_Jones_1963
1099	Affair_to_Remember
1100	Meatballs_1979
1101	Oliver!_1968
1102	Some_Kind_of_Wonderful_1987
1103	Nobodys_Fool_1994
1104	Everest_1998
1105	Bicentennial_Man_1999
1106	Married_to_the_Mob_1988
1107	Stigmata_1999
1108	Tao_of_Steve
1109	Rescuers
1110	Michael_1996
1111	To_Sir_with_Love_1967
1112	Six_Days_Seven_Nights_1998
1113	Koyaanisqatsi_1983
1114	Flashdance_1983
1115	Once_Upon_a_Time_in_the_West_1969
1116	Next_Stop
1117	101_Dalmatians_1996
1118	Hard_8_a.k.a._Sydney
1119	Paradise_Lost_The_Child_Murders_at_Robin_Hood_Hills_1996
1120	View_to_a_Kill
1121	Dancer_in_the_Dark_2000
1122	Prince_of_Tides
1123	Cant_Hardly_Wait_1998
1124	Swimming_with_Sharks_1995
1125	Sommersby_1993
1126	Fast
1127	Blob
1128	Hope_Floats_1998
1129	Brady_Bunch_Movie
1130	Messenger_The_Story_of_Joan_of_Arc
1131	2_Days_in_the_Valley_1996
1132	Stepford_Wives
1133	Ghost_and_Mrs._Muir
1134	My_Bodyguard_1980
1135	Edge
1136	Fearless_1993
1137	Man_with_Two_Brains
1138	Rope_1948
1139	Quick_and_the_Dead
1140	Golden_Child
1141	Tin_Men_1987
1142	Bachelor_Party_1984
1143	Suspicion_1941
1144	Pawnbroker
1145	Slums_of_Beverly_Hills
1146	Robin_Hood_Men_in_Tights_1993
1147	It_Could_Happen_to_You_1994
1148	Murder_in_the_First_1995
1149	Pocahontas_1995
1150	Cube_1997
1151	Running_Scared_1986
1152	Sullivans_Travels_1942
1153	Hand_That_Rocks_the_Cradle
1154	Heartbreak_Ridge_1986
1155	Meet_Me_in_St._Louis_1944
1156	Simon_Birch_1998
1157	Hellraiser_1987
1158	Timecop_1994
1159	Night_on_Earth_1991
1160	Coming_Home_1978
1161	And_the_Band_Played_On_1993
1162	Saving_Grace_2000
1163	Heart_and_Souls_1993
1164	On_the_Town_1949
1165	Dick_Tracy_1990
1166	Faculty
1167	Romeo_Must_Die_2000
1168	Henry_Portrait_of_a_Serial_Killer_1990
1169	Transformers_The_Movie
1170	First_Knight_1995
1171	Buddy_Holly_Story
1172	Hackers_1995
1173	Kids_1995
1174	Reds_1981
1175	Where_the_Heart_Is_2000
1176	End_of_the_Affair
1177	Boys_from_Brazil
1178	Teenage_Mutant_Ninja_Turtles_1990
1179	Texas_Chainsaw_Massacre
1180	Corrina
1181	Kagemusha_1980
1182	...And_Justice_for_All_1979
1183	Omega_Man
1184	Kid
1185	Once_Were_Warriors_1994
1186	Replacement_Killers
1187	About_Last_Night..._1986
1188	Homeward_Bound_The_Incredible_Journey_1993
1189	Lady_Eve
1190	Last_Detail
1191	Money_Pit
1192	McCabe_&_Mrs._Miller_1971
1193	Tora!_Tora!_Tora!_1970
1194	End_of_Days_1999
1195	Sphere_1998
1196	Kundun_1997
1197	St._Elmos_Fire_1985
1198	Cradle_Will_Rock
1199	Beneath_the_Planet_of_the_Apes_1970
1200	George_of_the_Jungle_1997
1201	EDtv_1999
1202	Return_of_Martin_Guerre
1203	Gigi_1958
1204	Picnic_at_Hanging_Rock_1975
1205	Snake_Eyes_1998
1206	Wyatt_Earp_1994
1207	Mickey_Blue_Eyes_1999
1208	Waynes_World_2_1993
1209	War_Room
1210	Jackal
1211	Bamba
1212	European_Vacation_1985
1213	Smillas_Sense_of_Snow_1997
1214	Metropolitan_1990
1215	Titanic_1953
1216	My_Own_Private_Idaho_1991
1217	One_False_Move_1991
1218	Naked_Gun_33_1/3_The_Final_Insult_1994
1219	Affliction_1997
1220	Matilda_1996
1221	Shampoo_1975
1222	Coneheads_1993
1223	Celluloid_Closet
1224	Petes_Dragon_1977
1225	Bring_It_On_2000
1226	Hilary_and_Jackie_1998
1227	Rocky_III_1982
1228	Escape_to_Witch_Mountain_1975
1229	Raisin_in_the_Sun
1230	Barcelona_1994
1231	House_of_Yes
1232	Enchanted_April_1991
1233	To_Be_or_Not_to_Be_1942
1234	Barefoot_in_the_Park_1967
1235	American_Gigolo_1980
1236	I_Know_What_You_Did_Last_Summer_1997
1237	Bank_Dick
1238	Pet_Sematary_1989
1239	Beautiful_Girls_1996
1240	Jules_and_Jim_Jules_et_Jim_1961
1241	Angelas_Ashes_1999
1242	Muppet_Treasure_Island_1996
1243	Amityville_Horror
1244	Belle_de_jour_1967
1245	Days_of_Thunder_1990
1246	Toys_1992
1247	Asphalt_Jungle
1248	East_is_East_1999
1249	Killing
1250	Up_in_Smoke_1978
1251	Flamingo_Kid
1252	Suicide_Kings_1997
1253	Presidio
1254	Young_Guns_II_1990
1255	Shaft_1971
1256	Friday_the_13th_1980
1257	Something_Wicked_This_Way_Comes_1983
1258	White_Squall_1996
1259	Indochine_1992
1260	Empire_Records_1995
1261	Ninotchka_1939
1262	Mansfield_Park_1999
1263	Before_Sunrise_1995
1264	Mildred_Pierce_1945
1265	Abbott_and_Costello_Meet_Frankenstein_1948
1266	Soldiers_Story
1267	Way_We_Were
1268	Down_by_Law_1986
1269	Spawn_1997
1270	Village_of_the_Damned_1960
1271	Titus_1999
1272	Rambo_First_Blood_Part_II_1985
1273	Eraserhead_1977
1274	Brighton_Beach_Memoirs_1986
1275	Winslow_Boy
1276	Wild_Wild_West_1999
1277	Thirty-Two_Short_Films_About_Glenn_Gould_1993
1278	Twelfth_Night_1996
1279	Funny_Face_1957
1280	Escape_from_L.A._1996
1281	Dreamlife_of_Angels
1282	Looking_for_Richard_1996
1283	Mother_1996
1284	Dead_Man_1995
1285	Whats_Love_Got_to_Do_with_It?_1993
1286	Great_Expectations_1998
1287	Death_Wish_1974
1288	Near_Dark_1987
1289	Mona_Lisa_1986
1290	Jumpin_Jack_Flash_1986
1291	Freeway_1996
1292	Creature_From_the_Black_Lagoon
1293	Space_Jam_1996
1294	Celebration
1295	Angels_and_Insects_1995
1296	U_Turn_1997
1297	Love_Bug
1298	Night_of_the_Comet_1984
1299	Walkabout_1971
1300	Cook_the_Thief_His_Wife_&_Her_Lover
1301	Carnal_Knowledge_1971
1302	Beach
1303	Mighty_Ducks
1304	Event_Horizon_1997
1305	Place_in_the_Sun
1306	Basketball_Diaries
1307	Happy
1308	Bloodsport_1988
1309	Runaway_Train_1985
1310	First_Wives_Club
1311	Deuce_Bigalow_Male_Gigolo_1999
1312	Weekend_at_Bernies_1989
1313	Small_Soldiers_1998
1314	Eves_Bayou_1997
1315	Candidate
1316	Shes_Gotta_Have_It_1986
1317	Man_Bites_Dog_Cest_arriv_prs_de_chez_vous_1992
1318	Instinct_1999
1319	Night_to_Remember
1320	Endless_Summer
1321	Burnt_By_the_Sun_Utomlyonnye_solntsem_1994
1322	One_Fine_Day_1996
1323	Hamlet_2000
1324	Drunken_Master_Zui_quan_1979
1325	Father_of_the_Bride_Part_II_1995
1326	Muppets_From_Space_1999
1327	Tequila_Sunrise_1988
1328	Disclosure_1994
1329	Varsity_Blues_1999
1330	Jesus_Son_1999
1331	Lolita_1997
1332	Conquest_of_the_Planet_of_the_Apes_1972
1333	Force_10_from_Navarone_1978
1334	Howling
1335	Frances_1982
1336	My_Blue_Heaven_1990
1337	Tank_Girl_1995
1338	Christine_1983
1339	Mulholland_Falls_1996
1340	Walk_in_the_Clouds
1341	Nell_1994
1342	All_the_Kings_Men_1949
1343	Johnny_Mnemonic_1995
1344	Thing_From_Another_World
1345	Thunderbolt_and_Lightfoot_1974
1346	Spanking_the_Monkey_1994
1347	Man_Without_a_Face
1348	Mighty
1349	Cable_Guy
1350	Man_Who_Knew_Too_Little
1351	Doctor_Dolittle_1967
1352	Killing_Zoe_1994
1353	Liberty_Heights_1999
1354	Rescuers_Down_Under
1355	Mimic_1997
1356	Popeye_1980
1357	With_Honors_1994
1358	Replacements
1359	burbs
1360	Double_Life_of_Veronique
1361	Passion_Fish_1992
1362	Priest_1994
1363	Lucas_1986
1364	Steamboat_Willie_1940
1365	Michael_Collins_1996
1366	Mr._Death_The_Rise_and_Fall_of_Fred_A._Leuchter_Jr._1999
1367	Way_of_the_Gun
1368	Horse_Whisperer
1369	Barry_Lyndon_1975
1370	Soldier_1998
1371	Dead_Ringers_1988
1372	Batman_&_Robin_1997
1373	When_a_Man_Loves_a_Woman_1994
1374	Body_Snatchers_1993
1375	Nine_1/2_Weeks_1986
1376	Stranger_Than_Paradise_1984
1377	Cutting_Edge
1378	Lost_Weekend
1379	Fanny_and_Alexander_1982
1380	Plan_9_from_Outer_Space_1958
1381	Jungle_Fever_1991
1382	Last_Action_Hero_1993
1383	They_Shoot_Horses
1384	Giant_1956
1385	Malice_1993
1386	Old_Man_and_the_Sea
1387	Trip_to_Bountiful
1388	Skulls
1389	Half_Baked_1998
1390	Nights_of_Cabiria_Le_Notti_di_Cabiria_1957
1391	Fools_Rush_In_1997
1392	Death_Becomes_Her_1992
1393	Towering_Inferno
1394	King_of_New_York_1990
1395	Porkys_1981
1396	Other_Sister
1397	Great_Race
1398	Wolf_1994
1399	Butcher_Boy
1400	Wolf_Man
1401	Me_Myself_I_2000
1402	Taming_of_the_Shrew
1403	Rocky_IV_1985
1404	How_Green_Was_My_Valley_1941
1405	Nixon_1995
1406	Ninth_Gate
1407	Godzilla_1998
1408	Return_to_Oz_1985
1409	Medicine_Man_1992
1410	Palm_Beach_Story
1411	Detroit_Rock_City_1999
1412	8MM_1999
1413	Journey_of_Natty_Gann
1414	Mouse_Hunt_1997
1415	Dantes_Peak_1997
1416	Restoration_1995
1417	Lake_Placid_1999
1418	Children_of_Paradise_Les_enfants_du_paradis_1945
1419	Spitfire_Grill
1420	Days_of_Heaven_1978
1421	Fletch_Lives_1989
1422	Murder_at_1600_1997
1423	Beyond_the_Mat_2000
1424	Swing_Kids_1993
1425	Chungking_Express_1994
1426	Trouble_with_Harry
1427	After_Life_1998
1428	SLC_Punk!_1998
1429	Out_of_the_Past_1947
1430	Wes_Cravens_New_Nightmare_1994
1431	Love_and_Death_on_Long_Island_1997
1432	Ghosts_of_Mississippi_1996
1433	Object_of_My_Affection
1434	Umbrellas_of_Cherbourg
1435	Mercury_Rising_1998
1436	But_Im_a_Cheerleader_1999
1437	Dersu_Uzala_1974
1438	Big_Hit
1439	Reindeer_Games_2000
1440	Mortal_Kombat_1995
1441	Firestarter_1984
1442	Battle_for_the_Planet_of_the_Apes_1973
1443	Bear
1444	Casper_1995
1445	Daytrippers
1446	Murder
1447	Prophecy
1448	Bad_Seed
1449	Operation_Condor_Feiying_gaiwak_1990
1450	Black_Cauldron
1451	Paris
1452	Gilda_1946
1453	Center_Stage_2000
1454	To_Wong_Foo
1455	Practical_Magic_1998
1456	Emerald_Forest
1457	Quest_for_Fire_1981
1458	Vanya_on_42nd_Street_1994
1459	Pillow_Book
1460	Lost_Highway_1997
1461	Paris_Is_Burning_1990
1462	Paper
1463	Postman_Always_Rings_Twice
1464	Mr._Nice_Guy_1997
1465	Blown_Away_1994
1466	Gremlins_2_The_New_Batch_1990
1467	Story_of_Us
1468	Return_to_Paradise_1998
1469	Judge_Dredd_1995
1470	Gay_Divorcee
1471	Solaris_Solyaris_1972
1472	Voyage_to_the_Bottom_of_the_Sea_1961
1473	Crocodile_Dundee_II_1988
1474	He_Got_Game_1998
1475	Nighthawks_1981
1476	Forget_Paris_1995
1477	Palmetto_1998
1478	Funny_Farm_1988
1479	Pink_Flamingos_1972
1480	Clockwatchers_1997
1481	Hollow_Man_2000
1482	Brief_Encounter_1946
1483	Until_the_End_of_the_World_Bis_ans_Ende_der_Welt_1991
1484	Hamlet_1948
1485	Bad_Lieutenant_1992
1486	Microcosmos_Microcosmos_Le_peuple_de_lherbe_1996
1487	Big_One
1488	Candyman_1992
1489	Ace_Ventura_When_Nature_Calls_1995
1490	Adventures_of_Milo_and_Otis
1491	Boy_Who_Could_Fly
1492	Limbo_1999
1493	Last_Man_Standing_1996
1494	Addicted_to_Love_1997
1495	High_Art_1998
1496	Things_to_Do_in_Denver_when_Youre_Dead_1995
1497	42_Up_1998
1498	Living_Out_Loud_1998
1499	Nick_of_Time_1995
1500	North_Dallas_Forty_1979
1501	Trust_1990
1502	Garden_of_Finzi-Contini
1503	Nightmare_on_Elm_Street_3_Dream_Warriors
1504	American_Werewolf_in_Paris
1505	Blue_Angel
1506	Hunger
1507	Girlfight_2000
1508	Mary_Shelleys_Frankenstein_1994
1509	Captain_Horatio_Hornblower_1951
1510	Ruby_in_Paradise_1993
1511	Tea_with_Mussolini_1999
1512	Phantom_of_the_Opera
1513	Loaded_Weapon_1_1993
1514	Tin_Drum
1515	Airport_1970
1516	Hands_on_a_Hard_Body_1996
1517	Shes_the_One_1996
1518	One_Crazy_Summer_1986
1519	Fitzcarraldo_1982
1520	Music_of_the_Heart_1999
1521	Gypsy_1962
1522	Mirror_Has_Two_Faces
1523	Playing_by_Heart_1998
1524	Idle_Hands_1999
1525	Beautiful_Thing_1996
1526	Tie_Me_Up!_Tie_Me_Down!_1990
1527	Splendor_in_the_Grass_1961
1528	Love_and_Basketball_2000
1529	Four_Rooms_1995
1530	Needful_Things_1993
1531	Suddenly
1532	Fierce_Creatures_1997
1533	My_Man_Godfrey_1957
1534	On_the_Beach_1959
1535	Devils_Own
1536	Last_Supper
1537	Mommie_Dearest_1981
1538	Black_Hole
1539	Madonna_Truth_or_Dare_1991
1540	Fresh_1994
1541	Apt_Pupil_1998
1542	Gentlemans_Agreement_1947
1543	Psycho_1998
1544	Ravenous_1999
1545	Last_Days_of_Disco
1546	East-West_Est-ouest_1999
1547	Coma_1978
1548	Only_You_1994
1549	Multiplicity_1996
1550	Tommy_1975
1551	Seventh_Sign
1552	Very_Bad_Things_1998
1553	Golden_Voyage_of_Sinbad
1554	Angels_in_the_Outfield_1994
1555	Sanjuro_1962
1556	Rapture
1557	Sirens_1994
1558	Backbeat_1993
1559	Ruling_Class
1560	Freaky_Friday_1977
1561	Pork_Chop_Hill_1959
1562	Boys_on_the_Side_1995
1563	Outside_Providence_1999
1564	Angus_1995
1565	King_Kong_1976
1566	Rosewood_1997
1567	Lost_Horizon_1937
1568	Original_Kings_of_Comedy
1569	Peeping_Tom_1960
1570	In_the_Mouth_of_Madness_1995
1571	Great_Mouse_Detective
1572	Maurice_1987
1573	Things_Change_1988
1574	Time_Code_2000
1575	Relic
1576	Man_and_a_Woman
1577	Safe_1995
1578	Mark_of_Zorro
1579	Apple_Dumpling_Gang
1580	Swept_Away_Travolti_da_un_insolito_destino_nellazzurro_mare_dAgosto_1975
1581	Miracle_on_34th_Street_1994
1582	Darby_OGill_and_the_Little_People_1959
1583	Marnie_1964
1584	For_Whom_the_Bell_Tolls_1943
1585	Air_America_1990
1586	Pollyanna_1960
1587	Carnival_of_Souls_1962
1588	Clay_Pigeons_1998
1589	Under_Siege_2_Dark_Territory_1995
1590	Basquiat_1996
1591	Men_With_Guns_1997
1592	Gullivers_Travels_1939
1593	Gung_Ho_1986
1594	Borrowers
1595	Pope_of_Greenwich_Village
1596	Orlando_1993
1597	Eyes_of_Tammy_Faye
1598	Saboteur_1942
1599	Nutty_Professor_II_The_Klumps_2000
1600	BASEketball_1998
1601	Women
1602	You_Cant_Take_It_With_You_1938
1603	Walk_on_the_Moon
1604	U2_Rattle_and_Hum_1988
1605	Renaissance_Man_1994
1606	Face_in_the_Crowd
1607	Navigator_A_Mediaeval_Odyssey
1608	Frenzy_1972
1609	Melvin_and_Howard_1980
1610	54_1998
1611	Road_to_El_Dorado
1612	Childs_Play_1988
1613	Universal_Soldier_1992
1614	Henry_Fool_1997
1615	City_Slickers_II_The_Legend_of_Curlys_Gold_1994
1616	Congo_1995
1617	Pit_and_the_Pendulum_1961
1618	Chuck_&_Buck_2000
1619	Ipcress_File
1620	Mediterraneo_1991
1621	Hocus_Pocus_1993
1622	Beverly_Hills_Cop_III_1994
1623	Twin_Peaks_Fire_Walk_with_Me_1992
1624	Twin_Falls_Idaho_1999
1625	Cat_People_1982
1626	Love!_Valour!_Compassion!_1997
1627	Selena_1997
1628	One_True_Thing_1998
1629	Return_from_Witch_Mountain_1978
1630	Foreign_Correspondent_1940
1631	Othello_1995
1632	Shaggy_Dog
1633	Romeo_Is_Bleeding_1993
1634	Blue_Sky_1994
1635	My_Science_Project_1985
1636	52_Pick-Up_1986
1637	Queen_Margot_La_Reine_Margot_1994
1638	Dangerous_Beauty_1998
1639	Boys_Life_1995
1640	Boondock_Saints
1641	Man_with_the_Golden_Arm
1642	Mrs._Miniver_1942
1643	Superman_III_1983
1644	King_of_Masks
1645	Bird_on_a_Wire_1990
1646	Meet_John_Doe_1941
1647	Aladdin_and_the_King_of_Thieves_1996
1648	Fantastic_Planet
1649	Threesome_1994
1650	Velvet_Goldmine_1998
1651	Harry_and_the_Hendersons_1987
1652	All_Dogs_Go_to_Heaven_1989
1653	Dead_Presidents_1995
1654	Death_and_the_Maiden_1994
1655	Tales_From_the_Crypt_Presents_Demon_Knight_1995
1656	Woman_in_the_Dunes_Suna_no_onna_1964
1657	Stepmom_1998
1658	Antonias_Line_Antonia_1995
1659	Anchors_Aweigh_1945
1660	Kicking_and_Screaming_1995
1661	Black_Sheep_1996
1662	Paulie_1998
1663	Cujo_1983
1664	Irma_la_Douce_1963
1665	Flubber_1997
1666	Robocop_2_1990
1667	Lifeforce_1985
1668	Twelve_Chairs
1669	Wrong_Man
1670	Virtuosity_1995
1671	Up_Close_and_Personal_1996
1672	Against_All_Odds_1984
1673	Drowning_Mona_2000
1674	Coyote_Ugly_2000
1675	Grand_Hotel_1932
1676	Children_of_the_Damned_1963
1677	Unzipped_1995
1678	How_to_Make_an_American_Quilt_1995
1679	Hero_1992
1680	Wonderful
1681	Long_Goodbye
1682	Seven_Beauties_Pasqualino_Settebellezze_1976
1683	Jeffrey_1995
1684	Howard_the_Duck_1986
1685	Sunshine_1999
1686	I_Shot_Andy_Warhol_1996
1687	No_Escape_1994
1688	Jaws_2_1978
1689	Program
1690	Waking_the_Dead_1999
1691	Drop_Dead_Fred_1991
1692	200_Cigarettes_1999
1693	Deep_Rising_1998
1694	Trick_1999
1695	Orgazmo_1997
1696	Dinner_Game
1697	Long_Walk_Home
1698	Prick_Up_Your_Ears_1987
1699	Mighty_Joe_Young_1949
1700	Get_Real_1998
1701	Canadian_Bacon_1994
1702	Message_in_a_Bottle_1999
1703	Your_Friends_and_Neighbors_1998
1704	Higher_Learning_1995
1705	Stealing_Beauty_1996
1706	Flying_Tigers_1942
1707	Vampires_1998
1708	True_Crime_1995
1709	Repulsion_1965
1710	Blue_Streak_1999
1711	Free_Willy_1993
1712	Bread_and_Chocolate_Pane_e_cioccolata_1973
1713	Urban_Legend_1998
1714	Ponette_1996
1715	Oliver_&_Company_1988
1716	Halloween_H20_1998
1717	Cemetery_Man_Dellamorte_Dellamore_1994
1718	Astronauts_Wife
1719	Wilde_1997
1720	Toxic_Avenger
1721	That_Darn_Cat!_1965
1722	Eyes_of_Laura_Mars_1978
1723	Attack_of_the_Killer_Tomatoes!_1980
1724	Jane_Eyre_1996
1725	Easy_Money_1983
1726	Cat_from_Outer_Space
1727	Picnic_1955
1728	To_Live_Huozhe_1994
1729	Assault_on_Precinct_13_1976
1730	Fog
1731	Trees_Lounge_1996
1732	Son_in_Law_1993
1733	Billys_Hollywood_Screen_Kiss_1997
1734	Gods_Must_Be_Crazy_II
1735	Robert_A._Heinleins_The_Puppet_Masters_1994
1736	Children_of_the_Corn_1984
1737	Fighting_Seabees
1738	Goofy_Movie
1739	Santa_Claus_The_Movie_1985
1740	Home_Alone_2_Lost_in_New_York_1992
1741	Adventures_of_Rocky_and_Bullwinkle
1742	Decline_of_Western_Civilization
1743	Oscar_and_Lucinda_a.k.a._Oscar_&_Lucinda_1997
1744	Bean_1997
1745	What_Planet_Are_You_From?_2000
1746	Hellbound_Hellraiser_II_1988
1747	Life_Less_Ordinary
1748	Impostors
1749	Odessa_File
1750	Just_Cause_1995
1751	Naked_1993
1752	Red_Sorghum_Hong_Gao_Liang_1987
1753	Hard_Target_1993
1754	Junior_1994
1755	Encino_Man_1992
1756	Inventing_the_Abbotts_1997
1757	Iron_Eagle_1986
1758	Outrageous_Fortune_1987
1759	Hellraiser_Bloodline_1996
1760	Big_Blue
1761	House_1986
1762	Unstrung_Heroes_1995
1763	Halloween_II_1981
1764	Dracula_1958
1765	Mephisto_1981
1766	World_of_Apu
1767	Muse
1768	American_Tail_Fievel_Goes_West
1769	Heaven_&_Earth_1993
1770	Beloved_1998
1771	Corruptor
1772	Girl_on_the_Bridge
1773	Brokedown_Palace_1999
1774	Butchers_Wife
1775	March_of_the_Wooden_Soldiers_a.k.a._Laurel_&_Hardy_in_Toyland_1934
1776	Damien_Omen_II_1978
1777	Conformist
1778	Clockers_1995
1779	Romper_Stomper_1992
1780	Superstar_1999
1781	Puppet_Master_1989
1782	Stardust_Memories_1980
1783	Moll_Flanders_1996
1784	Milk_Money_1994
1785	Flawless_1999
1786	Madeline_1998
1787	Color_of_Paradise
1788	Sinbad_and_the_Eye_of_the_Tiger_1977
1789	Welcome_To_Sarajevo_1997
1790	Open_Your_Eyes_Abre_los_ojos_1997
1791	Farinelli_il_castrato_1994
1792	Children_of_Heaven
1793	Three_Caballeros
1794	Someone_to_Watch_Over_Me_1987
1795	Butterfly_La_Lengua_de_las_Mariposas_2000
1796	Dirty_Work_1998
1797	Nightmare_on_Elm_Street_Part_2_Freddys_Revenge
1798	Forces_of_Nature_1999
1799	Benji_1974
1800	Bachelor
1801	Incredibly_True_Adventure_of_Two_Girls_in_Love
1802	Soldiers_Daughter_Never_Cries
1803	Rugrats_Movie
1804	Good_Earth
1805	House_on_Haunted_Hill
1806	Home_for_the_Holidays_1995
1807	Maya_Lin_A_Strong_Clear_Vision_1994
1808	King_of_the_Hill_1993
1809	Chain_Reaction_1996
1810	Shower_Xizhao_1999
1811	Shadow
1812	Babes_in_Toyland_1961
1813	Balto_1995
1814	Crucible
1815	Rambo_III_1988
1816	Black_Beauty_1994
1817	I_Still_Know_What_You_Did_Last_Summer_1998
1818	True_Crime_1999
1819	20_Dates_1998
1820	Get_on_the_Bus_1996
1821	Fear_of_a_Black_Hat_1993
1822	Beyond_Rangoon_1995
1823	Postman
1824	Anaconda_1997
1825	Young_Poisoners_Handbook
1826	Homegrown_1998
1827	Blue_Lagoon
1828	Mrs._Winterbourne_1996
1829	FairyTale_A_True_Story_1997
1830	Dorado
1831	Anywhere_But_Here_1999
1832	My_Fellow_Americans_1996
1833	Incredible_Journey
1834	Out-of-Towners
1835	Vegas_Vacation_1997
1836	Nine_Months_1995
1837	Mighty_Joe_Young_1998
1838	Mother_Night_1996
1839	Xiu_Xiu_The_Sent-Down_Girl_Tian_yu_1998
1840	My_Life_1993
1841	Screamers_1995
1842	Dangerous_Minds_1995
1843	Blues_Brothers_2000_1998
1844	Indecent_Proposal_1993
1845	House_on_Haunted_Hill_1958
1846	Harriet_the_Spy_1996
1847	Boomerang_1992
1848	Best_Man
1849	Very_Brady_Sequel
1850	Felicias_Journey_1999
1851	Daylight_1996
1852	F/X_2_1992
1853	Godzilla_2000_Gojira_ni-sen_mireniamu_1999
1854	Quatermass_and_the_Pit_1967
1855	Blind_Date_1987
1856	Distinguished_Gentleman
1857	Airheads_1994
1858	Crash_1996
1859	Duel_in_the_Sun_1946
1860	Booty_Call_1997
1861	Specialist
1862	Betrayed_1988
1863	Computer_Wore_Tennis_Shoes
1864	Blame_It_on_Rio_1984
1865	Going_My_Way_1944
1866	Bamboozled_2000
1867	Freejack_1992
1868	Party_Girl_1995
1869	Teaching_Mrs._Tingle_1999
1870	American_Flyers_1985
1871	Crooklyn_1994
1872	Fear_1996
1873	Band_Wagon
1874	It_Came_from_Outer_Space_1953
1875	Deep_End_of_the_Ocean
1876	House_Party_1990
1877	April_Fools_Day_1986
1878	American_Pop_1981
1879	Four_Days_in_September_1997
1880	Mr._Saturday_Night_1992
1881	Braindead_1992
1882	Davy_Crockett
1883	Pather_Panchali_1955
1884	Crimes_of_the_Heart_1986
1885	Withnail_and_I_1987
1886	Crush
1887	If...._1968
1888	Monkey_Shines_1988
1889	Island_of_Dr._Moreau
1890	Red_Corner_1997
1891	Dancer
1892	Fandango_1985
1893	Peters_Friends_1992
1894	D2_The_Mighty_Ducks_1994
1895	Ridicule_1996
1896	War_Zone
1897	Bed_of_Roses_1996
1898	Hard_Rain_1998
1899	Lord_of_Illusions_1995
1900	Operation_Condor_2_Longxiong_hudi_1990
1901	Faraway
1902	Broken_Hearts_Club
1903	Flesh_and_Bone_1993
1904	Bastard_Out_of_Carolina_1996
1905	Nothing_in_Common_1986
1906	Strawberry_and_Chocolate_Fresa_y_chocolate_1993
1907	Star_Is_Born
1908	Shanghai_Triad_Yao_a_yao_yao_dao_waipo_qiao_1995
1909	Go_Fish_1994
1910	Crimson_Pirate
1911	Family_Thing
1912	Jakob_the_Liar_1999
1913	Better_Than_Chocolate_1999
1914	City_Hall_1996
1915	Houseguest_1994
1916	Sister_Act_2_Back_in_the_Habit_1993
1917	Minus_Man
1918	Sugarland_Express
1919	Missing_in_Action_1984
1920	Of_Human_Bondage_1934
1921	Cry_in_the_Dark
1922	Surviving_the_Game_1994
1923	Wonderland_1999
1924	Clan_of_the_Cave_Bear
1925	Foxfire_1996
1926	King_Kong_vs._Godzilla_Kingukongu_tai_Gojira_1962
1927	Beverly_Hills_Ninja_1997
1928	Shakes_the_Clown_1991
1929	Cats_Eye_1985
1930	Swamp_Thing_1982
1931	Brandon_Teena_Story
1932	Major_Payne_1994
1933	Speechless_1994
1934	Insomnia_1997
1935	Big_Country
1936	Trial
1937	Six-String_Samurai_1998
1938	Hollywood_Knights
1939	Body_Snatcher
1940	Jingle_All_the_Way_1996
1941	Down_Periscope_1996
1942	Newsies_1992
1943	Inspector_Gadget_1999
1944	Waiting_to_Exhale_1995
1945	Getaway
1946	Art_of_War
1947	Jack_1996
1948	Tumbleweeds_1999
1949	Bronco_Billy_1980
1950	Down_to_You_2000
1951	Lonely_Are_the_Brave_1962
1952	Earth_Vs._the_Flying_Saucers_1956
1953	Simply_Irresistible_1999
1954	Not_One_Less_Yi_ge_dou_bu_neng_shao_1999
1955	Hurlyburly_1998
1956	Whos_Harry_Crumb?_1989
1957	Soul_Food_1997
1958	Newton_Boys
1959	Two_Girls_and_a_Guy_1997
1960	Geronimo_An_American_Legend_1993
1961	Life_and_Times_of_Hank_Greenberg
1962	Cabin_Boy_1994
1963	Wood
1964	Pajama_Game
1965	Halloween_The_Curse_of_Michael_Myers_1995
1966	Next_Friday_1999
1967	Something_to_Talk_About_1995
1968	Exorcist_III
1969	Cup
1970	Effect_of_Gamma_Rays_on_Man-in-the-Moon_Marigolds
1971	When_the_Cats_Away_Chacun_cherche_son_chat_1996
1972	White_Balloon
1973	Random_Hearts_1999
1974	Tales_from_the_Hood_1995
1975	Marvins_Room_1996
1976	Fly_II
1977	Rocky_V_1990
1978	Tales_from_the_Crypt_Presents_Bordello_of_Blood_1996
1979	Mrs._Dalloway_1997
1980	Frankenstein_Meets_the_Wolf_Man_1943
1981	Down_in_the_Delta_1998
1982	Hear_My_Song_1991
1983	Big_Mommas_House_2000
1984	Anne_Frank_Remembered_1995
1985	War
1986	Blow-Out_La_Grande_Bouffe_1973
1987	Pal_Joey_1957
1988	Striptease_1996
1989	Thinner_1996
1990	Sabotage_1936
1991	Spiral_Staircase
1992	Lovers_of_the_Arctic_Circle
1993	Love_Letter
1994	Barb_Wire_1996
1995	Baraka_1992
1996	How_Stella_Got_Her_Groove_Back_1998
1997	Pagemaster
1998	Walking_and_Talking_1996
1999	Family_Plot_1976
2000	SubUrbia_1997
2001	Ride_with_the_Devil_1999
2002	Five_Senses
2003	Tigerland_2000
2004	Dont_Be_a_Menace_to_South_Central_While_Drinking_Your_Juice_in_the_Hood_1996
2005	Two_Women_La_Ciociara_1961
2006	Eye_of_the_Beholder_1999
2007	Condorman_1981
2008	Last_Night_1998
2009	Farewell_to_Arms
2010	Interiors_1978
2011	Decline_of_Western_Civilization_Part_II_The_Metal_Years
2012	Stalker_1979
2013	Assassins_1995
2014	Razors_Edge
2015	Autumn_Tale
2016	My_Son_the_Fanatic_1998
2017	Hate_Haine
2018	Police_Academy_2_Their_First_Assignment_1985
2019	Othello_1952
2020	Schizopolis_1996
2021	Communion_1989
2022	Red_Sonja_1985
2023	Children_of_the_Revolution_1996
2024	Kama_Sutra_A_Tale_of_Love_1996
2025	Sgt._Bilko_1996
2026	Dead_Man_on_Campus_1998
2027	Sesame_Street_Presents_Follow_That_Bird_1985
2028	Disturbing_Behavior_1998
2029	My_Family_1995
2030	Bedroom_Window
2031	American_Pimp_1999
2032	Blue_in_the_Face_1995
2033	Color_of_Night_1994
2034	Shaggy_D.A.
2035	Tigger_Movie
2036	Wings_1927
2037	God_Said_Ha!_1998
2038	Red_Firecracker
2039	Wild_Man_Blues_1998
2040	Castle
2041	Blue_Collar_1978
2042	Great_Day_in_Harlem
2043	Assignment
2044	Godzilla_Gojira_1984
2045	Permanent_Midnight_1998
2046	8_Seconds_1994
2047	Runaway_1984
2048	Kid_in_King_Arthurs_Court
2049	French_Twist_Gazon_maudit_1995
2050	Cocoon_The_Return_1988
2051	Extreme_Measures_1996
2052	Cutthroat_Island_1995
2053	Morning_After
2054	Horseman_on_the_Roof
2055	Coogans_Bluff_1968
2056	Faster_Pussycat!_Kill!_Kill!_1965
2057	Halloween_4_The_Return_of_Michael_Myers_1988
2058	Wrongfully_Accused_1998
2059	Character_Karakter_1997
2060	Picture_Perfect_1997
2061	Switchback_1997
2062	Destination_Moon_1950
2063	To_Gillian_on_Her_37th_Birthday_1996
2064	Flintstones
2065	Night_Mother_1986
2066	MatchMaker
2067	Amateur_1994
2068	Third_Miracle
2069	Bride_of_Chucky_1998
2070	Little_Big_League_1994
2071	Judgment_Night_1993
2072	Dracula_Dead_and_Loving_It_1995
2073	Carrington_1995
2074	Prince_of_the_City_1981
2075	Marked_for_Death_1990
2076	Cowboy_Way
2077	Drive_Me_Crazy_1999
2078	Phantom
2079	Get_Carter_1971
2080	Inspector_General
2081	My_Crazy_Life_Mi_vida_loca_1993
2082	Our_Town_1940
2083	Grace_of_My_Heart_1996
2084	Volcano_1997
2085	Candleshoe_1977
2086	Poison_Ivy_1992
2087	Boys_of_St._Vincent
2088	Bridge_at_Remagen
2089	Little_Buddha_1993
2090	Bound_for_Glory_1976
2091	NeverEnding_Story_II_The_Next_Chapter
2092	Bulletproof_1996
2093	Max_Dugan_Returns_1983
2094	Little_Rascals
2095	Night_Falls_on_Manhattan_1997
2096	Friday_the_13th_Part_2_1981
2097	Jude_1996
2098	Cecil_B._Demented_2000
2099	They_Might_Be_Giants_1971
2100	Van
2101	Yards
2102	Friday_the_13th_The_Final_Chapter_1984
2103	Scarlet_Letter
2104	Believers
2105	Jennifer_8_1992
2106	Boxing_Helena_1993
2107	Raven
2108	Trouble_in_Paradise_1932
2109	Cosi_1996
2110	Alphaville_1965
2111	Dying_Young_1991
2112	Mo_Better_Blues_1990
2113	Set_It_Off_1996
2114	Holy_Smoke_1999
2115	Kiss_of_Death_1995
2116	Go_West_1925
2117	Substitute
2118	Bad_Taste_1987
2119	Guinevere_1999
2120	Three_Seasons_1999
2121	Love_Affair_1994
2122	Greatest_Show_on_Earth
2123	Nightwatch_1997
2124	Big_Carnival
2125	Beautician_and_the_Beast
2126	Blue_Hawaii_1961
2127	Duets_2000
2128	White_Sands_1992
2129	Governess
2130	Wing_Commander_1999
2131	Life_1999
2132	Preachers_Wife
2133	Nightmare_on_Elm_Street_4_The_Dream_Master
2134	Son_of_Frankenstein_1939
2135	Im_the_One_That_I_Want_2000
2136	Love_in_the_Afternoon_1957
2137	Mifune_Mifunes_sidste_sang_1999
2138	Black_and_White_1999
2139	Son_of_Flubber_1963
2140	Tingler
2141	Super_Mario_Bros._1993
2142	Mad_City_1997
2143	Princess_Caraboo_1994
2144	Emperor_and_the_Assassin
2145	Heavy_1995
2146	Hamlet_1964
2147	Filth_and_the_Fury
2148	Kurt_&_Courtney_1998
2149	Heidi_Fleiss_Hollywood_Madam_1995
2150	Two_Family_House_2000
2151	Perfect_Blue_1997
2152	Class_1983
2153	Celebrity_1998
2154	Cobb_1994
2155	Village_of_the_Damned_1995
2156	Freddys_Dead_The_Final_Nightmare_1991
2157	Masque_of_the_Red_Death
2158	Extremities_1986
2159	Bhaji_on_the_Beach_1993
2160	Wild_Reeds_1994
2161	Monsieur_Verdoux_1947
2162	Groove_2000
2163	Three_to_Tango_1999
2164	Far_Off_Place
2165	Earthquake_1974
2166	I_Went_Down_1997
2167	Joe_Goulds_Secret_2000
2168	Flirt_1995
2169	Dear_God_1996
2170	Gate
2171	Little_Odessa_1994
2172	Bandit_Queen_1994
2173	Glimmer_Man
2174	Bride_of_the_Monster_1956
2175	Virus_1999
2176	Loser_2000
2177	Teenage_Mutant_Ninja_Turtles_II_The_Secret_of_the_Ooze_1991
2178	Road_to_Wellville
2179	Grease_2_1982
2180	Kiss_Me
2181	Torn_Curtain_1966
2182	Radioland_Murders_1994
2183	Phantasm_II_1988
2184	Next_Best_Thing
2185	Urbania_2000
2186	Cross_of_Iron_1977
2187	Fan
2188	Dance_with_Me_1998
2189	If_Lucy_Fell_1996
2190	Twin_Dragons_Shuang_long_hui_1992
2191	Jawbreaker_1999
2192	Breathless_1983
2193	Niagara_1953
2194	Free_Enterprise_1998
2195	Night_at_the_Roxbury
2196	Jungle2Jungle_a.k.a._Jungle_2_Jungle_1997
2197	No_Mercy_1986
2198	That_Darn_Cat!_1997
2199	My_Best_Fiend_Mein_liebster_Feind_1999
2200	Mrs._Parker_and_the_Vicious_Circle_1994
2201	Carmen_1984
2202	Losing_Isaiah_1995
2203	Afterglow_1997
2204	Indian_Summer_a.k.a._Alive_&_Kicking_1996
2205	Sum_of_Us
2206	Claras_Heart_1988
2207	Hana-bi_1997
2208	Official_Story
2209	Men_Dont_Leave_1990
2210	Gingerbread_Man
2211	Poltergeist_II_The_Other_Side_1986
2212	Affair_of_Love
2213	My_Favorite_Season_1993
2214	Drop_Zone_1994
2215	Highlander_Endgame_2000
2216	Cronos_1992
2217	Whatever_1998
2218	For_All_Mankind_1989
2219	Jack_Frost_1998
2220	Another_Day_in_Paradise_1998
2221	Cruise
2222	Nothing_to_Lose_1994
2223	Piranha_1978
2224	Man_from_Laramie
2225	Avengers
2226	Caligula_1980
2227	Stealing_Home_1988
2228	Low_Down_Dirty_Shame
2229	Breakfast_of_Champions_1999
2230	Herbie_Goes_Bananas_1980
2231	Shes_So_Lovely_1997
2232	Simple_Twist_of_Fate
2233	Cry
2234	This_Is_My_Father_1998
2235	Metro_1997
2236	American_Dream_1990
2237	Tales_from_the_Darkside_The_Movie_1990
2238	Wild_America_1997
2239	Washington_Square_1997
2240	Hype!_1996
2241	Roseannas_Grave_For_Roseanna_1997
2242	I_Saw_What_You_Did_1965
2243	King_of_Marvin_Gardens
2244	Sudden_Death_1995
2245	Black_Mask_Hak_hap_1996
2246	Map_of_the_World
2247	Besieged_L_Assedio_1998
2248	D3_The_Mighty_Ducks_1996
2249	In_the_Realm_of_the_Senses_Ai_no_corrida_1976
2250	Herbie_Rides_Again_1974
2251	I_Love_Trouble_1994
2252	School_Daze_1988
2253	Home_Fries_1998
2254	House_of_Frankenstein_1944
2255	Edge_of_Seventeen_1998
2256	Only_Angels_Have_Wings_1939
2257	Before_the_Rain_Pred_dozhdot_1994
2258	Prefontaine_1997
2259	Deterrence_1998
2260	Harmonists
2261	Air_Bud_1997
2262	Live_Nude_Girls_1995
2263	Monster
2264	Striking_Distance_1993
2265	In_Love_and_War_1996
2266	Chamber
2267	Crossing_Guard
2268	Beautiful_People_1999
2269	Without_Limits_1998
2270	Exit_to_Eden_1994
2271	Crossfire_1947
2272	Ladybird_Ladybird_1994
2273	Force_of_Evil_1948
2274	Underground_1995
2275	Rocket_Man_1997
2276	Angel_and_the_Badman_1947
2277	Spy_Hard_1996
2278	Highlander_III_The_Sorcerer_1994
2279	Gridlockd_1997
2280	Operation_Dumbo_Drop_1995
2281	American_Buffalo_1996
2282	Evening_Star
2283	Otello_1986
2284	Soul_Man_1986
2285	Underneath
2286	Heartburn_1986
2287	For_Love_or_Money_1993
2288	Tango_1998
2289	Another_Stakeout_1993
2290	Paradise_Road_1997
2291	Following_1998
2292	MacKennas_Gold_1969
2293	Alaska_1996
2294	Curse_of_Frankenstein
2295	Nico_Icon_1995
2296	Showgirls_1995
2297	Addiction
2298	Where_the_Buffalo_Roam_1980
2299	Daddy_Long_Legs_1919
2300	Tex_1982
2301	Apple_Dumpling_Gang_Rides_Again
2302	Tom_and_Huck_1995
2303	Best_Laid_Plans_1999
2304	Krippendorfs_Tribe_1998
2305	Madame_Sousatzka_1988
2306	Whole_Wide_World
2307	Mafia!_1998
2308	Fury
2309	Last_Days
2310	Thieves_Voleurs
2311	Maximum_Overdrive_1986
2312	Wide_Awake_1998
2313	My_Name_Is_Joe_1998
2314	Funny_Bones_1995
2315	Holy_Man_1998
2316	House_of_the_Spirits
2317	Agnes_Browne_1999
2318	Live_Flesh_1997
2319	Limelight_1952
2320	Return_of_Jafar
2321	River
2322	Air_Up_There
2323	Dream_With_the_Fishes_1997
2324	Superman_IV_The_Quest_for_Peace_1987
2325	Penny_Serenade_1941
2326	Battlefield_Earth_2000
2327	Great_White_Hype
2328	Cutters_Way_1981
2329	Man_Facing_Southeast_Hombre_Mirando_al_Sudeste_1986
2330	Ready_to_Wear_Pret-A-Porter_1994
2331	Artemisia_1997
2332	Terminal_Velocity_1994
2333	Eye_for_an_Eye_1996
2334	Juror
2335	Karate_Kid_III
2336	Haunted_World_of_Edward_D._Wood_Jr.
2337	Picture_Bride_1995
2338	Playing_God_1997
2339	Hell_in_the_Pacific_1968
2340	Browning_Version
2341	Blackbeards_Ghost_1968
2342	Hanging_Up_2000
2343	Joes_Apartment_1996
2344	Bitter_Moon_1992
2345	Death_Wish_II_1982
2346	For_Richer_or_Poorer_1997
2347	Year_My_Voice_Broke
2348	Bless_the_Child_2000
2349	Mortal_Thoughts_1991
2350	Psycho_II_1983
2351	Herbie_Goes_to_Monte_Carlo_1977
2352	Two_Jakes
2353	Pumpkinhead_1988
2354	Andre_1994
2355	Bride_of_Re-Animator_1990
2356	Girl_6_1996
2357	Rosetta_1999
2358	Alligator_1980
2359	Perfect_Candidate
2360	Fatal_Instinct_1993
2361	Quatermass_II_1957
2362	Richie_Rich_1994
2363	Kaspar_Hauser_1993
2364	Stanley_&_Iris_1990
2365	Blink_1994
2366	Terrorist
2367	Angel_Baby_1995
2368	Volunteers_1985
2369	Albino_Alligator_1996
2370	Circus
2371	McHales_Navy_1997
2372	Double_Happiness_1994
2373	Money_Train_1995
2374	Glen_or_Glenda_1953
2375	Dark_Half
2376	Promise
2377	Home_Alone_3_1997
2378	Ballad_of_Narayama
2379	Beat_the_Devil_1954
2380	Texas_Chainsaw_Massacre_2
2381	Pushing_Hands_1992
2382	City_of_Industry_1997
2383	Dancing_at_Lughnasa_1998
2384	King_Creole_1958
2385	Once_Upon_a_Time..._When_We_Were_Colored_1995
2386	Tango_Lesson
2387	Major_League_Back_to_the_Minors_1998
2388	Career_Girls_1997
2389	Stuart_Saves_His_Family_1995
2390	My_Chauffeur_1986
2391	Friday_the_13th_Part_3_3D_1982
2392	Kull_the_Conqueror_1997
2393	Visitors
2394	Species_II_1998
2395	Firestorm_1998
2396	Audrey_Rose_1977
2397	Aparajito_1956
2398	Glass_Bottom_Boat
2399	Idiots
2400	Get_Bruce_1999
2401	Georgia_1995
2402	Wedding_Gift
2403	It_Came_from_Hollywood_1982
2404	First_Kid_1996
2405	How_to_Be_a_Player_1997
2406	Pokmon_The_First_Movie_1998
2407	M._Butterfly_1993
2408	Bye_Bye
2409	Great_Ziegfeld
2410	Source
2411	In_Too_Deep_1999
2412	Adventures_of_Sebastian_Cole
2413	Loves_Labours_Lost_2000
2414	Plunkett_&_MaCleane_1999
2415	Halloween_5_The_Revenge_of_Michael_Myers_1989
2416	Mr._&_Mrs._Smith_1941
2417	Bio-Dome_1996
2418	Mod_Squad
2419	Lords_of_Flatbush
2420	Autumn_Sonata_Hstsonaten__1978
2421	Widows_Peak_1994
2422	Adventures_of_Pinocchio
2423	Associate
2424	Speed_2_Cruise_Control_1997
2425	Shooting_Fish_1997
2426	Manny_&_Lo_1996
2427	Slipper_and_the_Rose
2428	Return_of_the_Fly_1959
2429	Desert_Bloom_1986
2430	Shiloh_1997
2431	It_Came_from_Beneath_the_Sea_1955
2432	Taste_of_Cherry_1997
2433	Crow_City_of_Angels
2434	My_Life_So_Far_1999
2435	Moonlight_and_Valentino_1995
2436	Gothic_1986
2437	Room_at_the_Top_1959
2438	Fled_1996
2439	Out_to_Sea_1997
2440	Bent_1997
2441	Faust_1994
2442	Hoodlum_1997
2443	Saturn_3_1979
2444	Excess_Baggage_1997
2445	Snow_Day_2000
2446	Nightmare_on_Elm_Street_5_The_Dream_Child
2447	Tough_Guys_1986
2448	Night_of_the_Creeps_1986
2449	Childs_Play_2_1990
2450	Fire_Down_Below_1997
2451	Champ
2452	Happiest_Millionaire
2453	Hideous_Kinky_1998
2454	Love_Is_a_Many-Splendored_Thing_1955
2455	Tarantula_1955
2456	Palookaville_1996
2457	Burglar_1987
2458	Gossip_2000
2459	Cyclo_1995
2460	Devils_Brigade
2461	Here_on_Earth_2000
2462	Desperate_Measures_1998
2463	Screwed_2000
2464	Stalingrad_1993
2465	Traveller_1997
2466	Friday_the_13th_Part_VI_Jason_Lives_1986
2467	Odd_Couple_II
2468	Dear_Diary_Caro_Diario_1994
2469	Homeward_Bound_II_Lost_in_San_Francisco_1996
2470	8_Heads_in_a_Duffel_Bag_1997
2471	Friends_&_Lovers_1999
2472	Armed_and_Dangerous_1986
2473	Life_with_Mikey_1993
2474	Lovers_on_the_Bridge
2475	Twilight_1998
2476	Rocketship_X-M_1950
2477	Perez_Family
2478	From_the_Hip_1987
2479	Lightning_Jack_1994
2480	Cimarron_1931
2481	Now_and_Then_1995
2482	Steal_This_Movie!_2000
2483	Meteor_1979
2484	Idolmaker
2485	Killers_Kiss_1955
2486	Black_Cat
2487	Zed_&_Two_Noughts
2488	What_Happened_Was..._1994
2489	Trigger_Effect
2490	Money_Talks_1997
2491	Mirror
2492	Teenage_Mutant_Ninja_Turtles_III_1993
2493	Thousand_Acres
2494	Swan_Princess
2495	Quest_for_Camelot_1998
2496	Country_1984
2497	One_Magic_Christmas_1985
2498	Halloween_III_Season_of_the_Witch_1983
2499	Endless_Summer_2
2500	Myth_of_Fingerprints
2501	Wisdom_1986
2502	Innocents
2503	Bossa_Nova_1999
2504	Feeling_Minnesota_1996
2505	Mute_Witness_1994
2506	When_Night_Is_Falling_1995
2507	Stonewall_1995
2508	Doom_Generation
2509	Tall_Tale_1994
2510	Little_Lord_Fauntleroy_1936
2511	Stop!_Or_My_Mom_Will_Shoot_1992
2512	Faces_1968
2513	Drunks_1997
2514	Dogs_Life
2515	Sliver_1993
2516	Slam_1998
2517	At_First_Sight_1999
2518	Friday_the_13th_Part_V_A_New_Beginning_1985
2519	Beverly_Hillbillies
2520	Sheltering_Sky
2521	Jury_Duty_1995
2522	Supernova_2000
2523	Some_Mothers_Son_1996
2524	Friday_the_13th_Part_VII_The_New_Blood_1988
2525	Above_the_Rim_1994
2526	Suture_1993
2527	Beyond_Silence_1996
2528	Surviving_Picasso_1996
2529	Jasons_Lyric_1994
2530	Wishmaster_1997
2531	End_of_Violence
2532	Nowhere_1997
2533	Sarafina!_1992
2534	Boys_and_Girls_2000
2535	Crazy_in_Alabama_1999
2536	Purple_Noon_1960
2537	8_1/2_Women_1999
2538	Damsel_in_Distress
2539	Young_Doctors_in_Love_1982
2540	Education_of_Little_Tree
2541	Senseless_1998
2542	Kansas_City_1996
2543	My_Favorite_Martian_1999
2544	Burnt_Offerings_1976
2545	Stage_Fright_1950
2546	A_Chef_in_Love_1996
2547	Airport_1975_1974
2548	Great_Locomotive_Chase
2549	Im_Not_Rappaport_1996
2550	Creepshow_2_1987
2551	G._I._Blues_1960
2552	Phantoms_1998
2553	Crmonie
2554	Poison_1991
2555	Supergirl_1984
2556	Almost_Heroes_1998
2557	Aime_&_Jaguar_1999
2558	Puppet_Master_III_Toulons_Revenge_1991
2559	Freedom_for_Us__nous_la_libert__1931
2560	Draughtsmans_Contract
2561	Female_Perversions_1996
2562	Chushingura_1962
2563	Vagabond_Sans_toit_ni_loi_1985
2564	In_the_Army_Now_1994
2565	Mole_People
2566	House_of_Dracula_1945
2567	Action_Jackson_1988
2568	He_Walked_by_Night_1948
2569	Mixed_Nuts_1994
2570	Jade_1995
2571	Mortal_Kombat_Annihilation_1997
2572	Puppet_Master_II_1990
2573	Hanging_Garden
2574	Eyes_Without_a_Face_1959
2575	Trial_and_Error_1997
2576	Truth_or_Consequences
2577	Police_Academy_3_Back_in_Training_1986
2578	Blue_Chips_1994
2579	Woman_on_Top_2000
2580	Lost_&_Found_1999
2581	Sleepwalkers_1992
2582	Roommates_1995
2583	Love_&_Sex_2000
2584	Ready_to_Rumble_2000
2585	Mummys_Curse
2586	Blood_&_Wine_1997
2587	Love_and_a_.45_1994
2588	It_Conquered_the_World_1956
2589	I_Dreamed_of_Africa_2000
2590	Pest
2591	Rain_1932
2592	Dream_for_an_Insomniac_1996
2593	Still_Crazy_1998
2594	Love_Jones_1997
2595	Porkys_II_The_Next_Day_1983
2596	Fathers_Day_1997
2597	Its_My_Party_1995
2598	Fun_and_Fancy_Free_1947
2599	And_God_Created_Woman_Et_Dieu&#8230;Cra_la_Femme_1956
2600	She-Devil_1989
2601	NeverEnding_Story_III
2602	Bad_Girls_1994
2603	Phantasm_IV_Oblivion_1998
2604	Safe_Men_1998
2605	All_Over_Me_1997
2606	In_Dreams_1999
2607	Caught_1996
2608	Urban_Legends_Final_Cut_2000
2609	Cousin_Bette_1998
2610	Barenaked_in_America_1999
2611	That_Old_Feeling_1997
2612	Story_of_G.I._Joe
2613	Solo_1996
2614	Sandpiper
2615	Colonel_Chabert
2616	Best_Men_1997
2617	Poison_Ivy_New_Seduction_1997
2618	Contempt_Le_Mpris_1963
2619	Vie_est_belle
2620	Broadway_Melody
2621	Perils_of_Pauline
2622	Love_Serenade_1996
2623	How_I_Won_the_War_1967
2624	Where_the_Money_Is_2000
2625	Unforgettable_1996
2626	Pet_Sematary_II_1992
2627	Amos_&_Andrew_1993
2628	Hot_Spot
2629	Funhouse
2630	Topaz_1969
2631	Two_Moon_Juction_1988
2632	Prophecy_II
2633	Month_by_the_Lake
2634	Porkys_Revenge_1985
2635	Panther_1995
2636	Before_and_After_1996
2637	Still_Breathing_1997
2638	Smiling_Fish_and_Goat_on_Fire_1999
2639	Dj_Vu_1997
2640	Mr._Jones_1993
2641	Whatever_It_Takes_2000
2642	Portrait_of_a_Lady
2643	Watcher
2644	Bustin_Loose_1981
2645	Golden_Bowl
2646	Lodger
2647	Til_There_Was_You_1997
2648	Even_Cowgirls_Get_the_Blues_1993
2649	Illuminata_1998
2650	Diabolique_1996
2651	Lawn_Dogs_1997
2652	Jonah_Who_Will_Be_25_in_the_Year_2000_1976
2653	Alvarez_Kelly_1966
2654	Kissing_a_Fool_1998
2655	Santa_Fe_Trail_1940
2656	Death_Wish_3_1985
2657	Whos_That_Girl?_1987
2658	Bonfire_of_the_Vanities_1990
2659	Why_Do_Fools_Fall_In_Love?_1998
2660	Air_Bud_Golden_Receiver_1998
2661	Madame_Butterfly_1995
2662	Sea_Wolves
2663	Autumn_in_New_York_2000
2664	Son_of_Dracula_1943
2665	Police_Academy_4_Citizens_on_Patrol_1987
2666	Spice_World_1997
2667	Robocop_3_1993
2668	Wild_Bill_1995
2669	I_Married_A_Strange_Person_1997
2670	Ballad_of_Ramblin_Jack
2671	Day_of_the_Beast
2672	Big_Tease
2673	Haunted_Honeymoon_1986
2674	Thumbelina_1994
2675	Cold_Fever__kldum_klaka_1994
2676	Melody_Time_1948
2677	Denise_Calls_Up_1995
2678	Get_Carter_2000
2679	Babysitter
2680	House_II_The_Second_Story_1987
2681	Whipped_2000
2682	Jaws_3-D_1983
2683	Goodbye
2684	Were_No_Angels_1989
2685	Bad_Company_1995
2686	Theory_of_Flight
2687	Bedrooms_&_Hallways_1998
2688	Brain_That_Wouldnt_Die
2689	Beach_Party_1963
2690	Blank_Check_1994
2691	Normal_Life_1996
2692	Night_Porter
2693	I_Confess_1953
2694	Cleo_From_5_to_7_Clo_de_5__7_1962
2695	Kronos_1957
2696	Girls_Town_1996
2697	Secret_Agent_1936
2698	Boiling_Point_1993
2699	Splendor_1999
2700	Come_See_the_Paradise_1990
2701	Next_Karate_Kid
2702	Jefferson_in_Paris_1995
2703	Rage_Carrie_2
2704	Nadja_1994
2705	Fair_Game_1995
2706	Algiers_1938
2707	H.O.T.S._1979
2708	Barefoot_Executive
2709	Clean_Slate_Coup_de_Torchon_1981
2710	Johns_1996
2711	Ciao
2712	Night_Flier_1997
2713	Better_Living_Through_Circuitry_1999
2714	Nothing_But_Trouble_1991
2715	Joe_the_King_1999
2716	Wanted_Dead_or_Alive_1987
2717	National_Lampoons_Senior_Trip_1995
2718	Gun_Shy_2000
2719	Chinese_Box_1997
2720	Mass_Appeal_1984
2721	Tales_of_Terror_1962
2722	Pallbearer
2723	Scout
2724	All_Dogs_Go_to_Heaven_2_1996
2725	North_1994
2726	Crime_and_Punishment_in_Suburbia_2000
2727	Allan_Quartermain_and_the_Lost_City_of_Gold_1987
2728	Candyman_Farewell_to_the_Flesh_1995
2729	Death_Wish_4_The_Crackdown_1987
2730	$1
2731	Nadine_1987
2732	Mr._Jealousy_1997
2733	Fluke_1995
2734	Final_Conflict
2735	Tetsuo_II_Body_Hammer_1992
2736	Made_in_America_1993
2737	Bogus_1996
2738	Blood_For_Dracula_Andy_Warhols_Dracula_1974
2739	Nelly_&_Monsieur_Arnaud_1995
2740	Prisoner_of_the_Mountains_Kavkazsky_Plennik_1996
2741	It_Takes_Two_1995
2742	Very_Thought_of_You
2743	Star_Kid_1997
2744	Price_Above_Rubies
2745	Under_the_Rainbow_1981
2746	Angel_on_My_Shoulder_1946
2747	Grateful_Dead_1995
2748	Police_Academy_5_Assignment_Miami_Beach_1988
2749	Heavens_Prisoners_1996
2750	And_the_Ship_Sails_On_E_la_nave_va_1984
2751	On_the_Ropes_1999
2752	Make_Mine_Music_1946
2753	Problem_Child_1990
2754	Ilsa
2755	Life_of_mile_Zola
2756	Graveyard_Shift_1990
2757	Friday_the_13th_Part_VIII_Jason_Takes_Manhattan_1989
2758	Shafts_Big_Score!_1972
2759	Death_Wish_V_The_Face_of_Death_1994
2760	Eighth_Day
2761	Little_Nemo_Adventures_in_Slumberland_1992
2762	Prancer_1989
2763	Buddy_1997
2764	Hideaway_1995
2765	About_Adam_2000
2766	Land_and_Freedom_Tierra_y_libertad_1995
2767	Ill_Do_Anything_1994
2768	Prom_Night_1980
2769	Brother
2770	In_Search_of_the_Castaways_1962
2771	Line_King_Al_Hirschfeld
2772	In_the_Bleak_Midwinter_1995
2773	187_1997
2774	Solas_1999
2775	House_Arrest_1996
2776	Niagara
2777	Far_From_Home_The_Adventures_of_Yellow_Dog_1995
2778	Mummys_Tomb
2779	Poltergeist_III_1988
2780	Jupiters_Wife_1994
2781	B._Monkey_1998
2782	Turtle_Diary_1985
2783	Passion_of_Mind_1999
2784	Hearts_and_Minds_1996
2785	Wonderland_1997
2786	Critical_Care_1997
2787	Guilty_as_Sin_1993
2788	Love_&_Human_Remains_1993
2789	Up_at_the_Villa_2000
2790	Vibes_1988
2791	Dudley_Do-Right_1999
2792	Hush_1998
2793	Slingshot
2794	Love_and_Other_Catastrophes_1996
2795	Committed_2000
2796	Aces_Iron_Eagle_III_1992
2797	Polish_Wedding_1998
2798	T-Men_1947
2799	Inkwell
2800	Desert_Blue_1999
2801	Land_Before_Time_III_The_Time_of_the_Great_Giving_1995
2802	Land_Girls
2803	Baby-Sitters_Club
2804	Time_Regained_Le_Temps_Retrouv_1999
2805	Metroland_1997
2806	Big_Green
2807	White_Mans_Burden_1995
2808	Plenty_1985
2809	Chambermaid_on_the_Titanic
2810	Blood_In
2811	Repossessed_1990
2812	Couch_in_New_York
2813	Goya_in_Bordeaux_Goya_en_Bodeos_1999
2814	West_Beirut_West_Beyrouth_1998
2815	Firelight_1997
2816	Experience_Preferred..._But_Not_Essential_1982
2817	Killing_of_Sister_George
2818	Hellraiser_III_Hell_on_Earth_1992
2819	Eddie_1996
2820	All_the_Vermeers_in_New_York_1990
2821	Baby_Geniuses_1999
2822	S.F.W._1994
2823	Son_of_the_Sheik
2824	Black_Sabbath_Tre_Volti_Della_Paura
2825	For_the_Love_of_Benji_1977
2826	Vampire_in_Brooklyn_1995
2827	Coldblooded_1995
2828	Outlaw
2829	Mary_Reilly_1996
2830	Cure
2831	Under_Suspicion_2000
2832	Winter_Guest
2833	Bait_2000
2834	Anna_Karenina_1997
2835	Star_Maps_1997
2836	Bliss_1997
2837	Jack_and_Sarah_1995
2838	Native_Son_1986
2839	Hi-Lo_Country
2840	Braddock_Missing_in_Action_III_1988
2841	Squanto_A_Warriors_Tale_1994
2842	Good_Mother
2843	Saint_of_Fort_Washington
2844	Missing_in_Action_2_The_Beginning_1985
2845	Apple
2846	Hitch-Hiker
2847	Shadrach_1998
2848	Music_From_Another_Room_1998
2849	Childs_Play_3_1992
2850	Maximum_Risk_1996
2851	Deceiver_1997
2852	Inferno_1980
2853	Stay_Tuned_1992
2854	Shaft_in_Africa_1973
2855	Wisdom_of_Crocodiles
2856	Secret_Adventures_of_Tom_Thumb
2857	Assassination_1987
2858	Silent_Fall_1994
2859	Killer_Bulletproof_Heart_1994
2860	Stupids
2861	Nil_By_Mouth_1997
2862	Clean_Slate_1994
2863	Charlie
2864	Cabaret_Balkan_Bure_Baruta_1998
2865	Quest
2866	Flower_of_My_Secret
2867	High_School_High_1996
2868	Lamerica_1994
2869	Kidnapped_1960
2870	Hollow_Reed_1996
2871	Time_of_the_Gypsies_Dom_za_vesanje_1989
2872	Class_of_Nuke_Em_High_1986
2873	Pajama_Party_1964
2874	Phantasm_III_Lord_of_the_Dead_1994
2875	Funeral
2876	New_Age
2877	Tic_Code
2878	Citizens_Band_a.k.a._Handle_with_Care_1977
2879	Judy_Berlin_1999
2880	How_to_Stuff_a_Wild_Bikini_1965
2881	Arguing_the_World_1996
2882	Steam_The_Turkish_Bath_Hamam_1997
2883	Gone_Fishin_1997
2884	Paradine_Case
2885	Careful_1992
2886	Touch_1997
2887	Ghost_of_Frankenstein
2888	Three_Wishes_1995
2889	Onegin_1999
2890	Hunted
2891	Flipper_1996
2892	Light_It_Up_1999
2893	One_Tough_Cop_1998
2894	Lets_Get_Harry_1986
2895	Knightriders_1981
2896	Grass_Harp
2897	Curdled_1996
2898	Iron_Eagle_II_1988
2899	Cats_Dont_Dance_1997
2900	Mating_Habits_of_the_Earthbound_Human
2901	Queens_Logic_1991
2902	Cool_Dry_Place
2903	Pokmon_the_Movie_2000_2000
2904	Free_Willy_2_The_Adventure_Home_1995
2905	Gabbeh_1996
2906	Endurance_1998
2907	Soft_Fruit_1999
2908	Single_Girl
2909	Mr._Wonderful_1993
2910	Pompatus_of_Love
2911	I_Love_You
2912	Fiendish_Plot_of_Dr._Fu_Manchu
2913	Airport_77_1977
2914	Fatal_Beauty_1987
2915	Roadside_Prophets_1992
2916	Nobody_Loves_Me_Keiner_liebt_mich_1994
2917	Miami_Rhapsody_1995
2918	Bikini_Beach_1964
2919	Bandits_1997
2920	Adventures_of_Elmo_in_Grouchland
2921	Police_Story_4_Project_S_Chao_ji_ji_hua_1993
2922	Rawhead_Rex_1986
2923	Jerry_Springer_Ringmaster_1998
2924	Other_Side_of_Sunday
2925	My_Boyfriends_Back_1993
2926	Tarzan_and_the_Lost_City_1998
2927	Problem_Child_2_1991
2928	Rich_and_Strange_1932
2929	Dark_Command_1940
2930	Double_Team_1997
2931	Opportunists
2932	Dreaming_of_Joseph_Lees_1998
2933	Germinal_1993
2934	Celtic_Pride_1996
2935	Retroactive_1997
2936	Gnome-Mobile
2937	Mina_Tannenbaum_1994
2938	Real_Blonde
2939	Hot_Lead_and_Cold_Feet_1978
2940	They_Made_Me_a_Criminal_1939
2941	Minnie_and_Moskowitz_1971
2942	Kika_1993
2943	Stiff_Upper_Lips_1998
2944	New_Jersey_Drive_1995
2945	Marcello_Mastroianni_I_Remember_Yes
2946	Reckless_1995
2947	Kim_1950
2948	Wife
2949	Date_with_an_Angel_1987
2950	Chill_Factor_1999
2951	Kronos_1973
2952	Different_for_Girls_1996
2953	Ed_1996
2954	Safe_Passage_1994
2955	Ill_Be_Home_For_Christmas_1998
2956	Turbulence_1997
2957	Nosferatu_a_Venezia_1986
2958	Tarzan_the_Fearless_1933
2959	Henry_Portrait_of_a_Serial_Killer
2960	Exorcist_II_The_Heretic_1977
2961	Meet_Wally_Sparks_1997
2962	Omega_Code
2963	Total_Eclipse_1995
2964	Lassie_1994
2965	Psycho_Beach_Party_2000
2966	Mr._Magoo_1997
2967	Cement_Garden
2968	Loss_of_Sexual_Innocence
2969	Body_Parts_1991
2970	Pie_in_the_Sky_1995
2971	One_Night_Stand_1997
2972	Jerky_Boys
2973	Rendezvous_in_Paris_Rendez-vous_de_Paris
2974	Being_Human_1993
2975	Last_September
2976	Warriors_of_Virtue_1997
2977	Gang_Related_1997
2978	Twice_Upon_a_Yesterday_1998
2979	Police_Academy_6_City_Under_Siege_1989
2980	My_Giant_1998
2981	Marlene_Dietrich_Shadow_and_Light_1996
2982	Monument_Ave._1998
2983	Communion_a.k.a._Alice
2984	Lady_of_Burlesque_1943
2985	Saltmen_of_Tibet
2986	Rough_Night_in_Jericho_1967
2987	Telling_Lies_in_America_1997
2988	Federal_Hill_1994
2989	Julien_Donkey-Boy_1999
2990	Three_Ages
2991	Players_Club
2992	Head_Above_Water_1996
2993	Fright_Night_Part_II_1989
2994	Sugar_Town_1999
2995	Psycho_III_1986
2996	Mikes_Murder_1984
2997	Eds_Next_Move_1996
2998	Hard_Core_Logo_1996
2999	Love_Stinks_1999
3000	Blackmail_1929
3001	Last_Summer_in_the_Hamptons_1995
3002	Mighty_Morphin_Power_Rangers_The_Movie_1995
3003	Dunston_Checks_In_1996
3004	Bloodsport_2_1995
3005	Window_to_Paris_1994
3006	Romance_1999
3007	Saragossa_Manuscript
3008	Chasers_1994
3009	Baby..._Secret_of_the_Lost_Legend_1985
3010	Two_if_by_Sea_1996
3011	Walking_Dead
3012	Larger_Than_Life_1996
3013	Awfully_Big_Adventure
3014	Two_Thousand_Maniacs!_1964
3015	Steel_1997
3016	Sleepaway_Camp_1983
3017	Amityville_II_The_Possession_1982
3018	Devil_and_Max_Devlin
3019	Saludos_Amigos_1943
3020	Street_Fighter_1994
3021	Beautiful_2000
3022	Raise_the_Titanic_1980
3023	Raw_Deal_1948
3024	Kissed_1996
3025	Amazing_Panda_Adventure
3026	Swept_from_the_Sea_1997
3027	Switchblade_Sisters_1975
3028	Were_Back!_A_Dinosaurs_Story_1993
3029	No_Small_Affair_1984
3030	Black_Dog_1998
3031	Belizaire_the_Cajun_1986
3032	Tom_&_Viv_1994
3033	Benji_the_Hunted_1987
3034	Office_Killer_1997
3035	Private_School_1983
3036	Simple_Wish
3037	Return_of_the_Texas_Chainsaw_Massacre
3038	Leatherface_Texas_Chainsaw_Massacre_III_1990
3039	Something_for_Everyone_1970
3040	Head_On_1998
3041	So_Dear_to_My_Heart_1949
3042	Hugo_Pool_1997
3043	Maybe
3044	Love_Is_the_Devil_1998
3045	Toxic_Avenger_Part_III_The_Last_Temptation_of_Toxie
3046	Devil_Girl_From_Mars_1954
3047	Legend_of_1900
3048	From_the_Journals_of_Jean_Seberg_1995
3049	Across_the_Sea_of_Time_1995
3050	Lucie_Aubrac_1997
3051	Fire_Within
3052	Message_to_Love_The_Isle_of_Wight_Festival_1996
3053	Gold_Diggers_The_Secret_of_Bear_Mountain_1995
3054	Solar_Crisis_1993
3055	Body_Shots_1999
3056	Walk_in_the_Sun
3057	Stars_Fell_on_Henrietta
3058	Passion_in_the_Desert_1998
3059	On_Any_Sunday_1971
3060	Trial_by_Jury_1994
3061	Children_of_the_Corn_III_1994
3062	Hello_Mary_Lou_Prom_Night_II_1987
3063	Alice_and_Martin_Alice_et_Martin_1998
3064	Celestial_Clockwork_1994
3065	Among_Giants_1998
3066	I_Am_Cuba_Soy_Cuba/Ya_Kuba_1964
3067	Golden_Earrings_1947
3068	All_the_Rage_a.k.a._Its_the_Rage_1999
3069	Crew
3070	Bewegte_Mann
3071	Beans_of_Egypt
3072	And_God_Created_Woman_1988
3073	Violets_Are_Blue..._1986
3074	X_The_Unknown_1956
3075	Star_Maker
3076	Eight_Days_a_Week_1997
3077	Rollercoaster_1977
3078	Heavyweights_1994
3079	Lawnmower_Man_2_Beyond_Cyberspace_1996
3080	King_in_New_York
3081	Puppet_Master_4_1993
3082	Losing_Chase_1996
3083	Parasite_1982
3084	Good_Man_in_Africa
3085	Rough_Magic_1995
3086	Blood_Feast_1963
3087	Mummys_Hand
3088	Eternity_and_a_Day_Mia_eoniotita_ke_mia_mera__1998
3089	City
3090	Bitter_Sugar_Azucar_Amargo_1996
3091	Poetic_Justice_1993
3092	Dougs_1st_Movie_1999
3093	Pyromaniacs_Love_Story
3094	Light_of_Day_1987
3095	Ayn_Rand_A_Sense_of_Life_1997
3096	Mr._Wrong_1996
3097	I_Like_It_Like_That_1994
3098	Murder!_1930
3099	Children_of_the_Corn_IV_The_Gathering_1996
3100	Dadetown_1995
3101	Leading_Man
3102	Dog_Park_1998
3103	Poison_Ivy_II_1995
3104	Alien_Escape_1995
3105	Greasers_Palace_1972
